node_id,0,1,2,3,4,5,6,7,8,9,10,11,12,13,14,15,16,17,18,19,20,21,22,23,24,25,26,27,28,29,30,31,32,33,34,35,36,37,38,39,40,41,42,43,44,45,46,47,48,49,50,51,52,53,54,55,56,57,58,59,60,61,62,63,64,65,66,67,68,69,70,71,72,73,74,75,76,77,78,79
0,0.000000,76.294518,171.758580,268.728332,338.772003,445.113890,545.993549,592.930039,688.011890,104.069372,131.883392,172.781687,305.026002,384.295523,449.164104,551.808693,609.814039,699.063907,168.815730,200.447224,267.652635,334.573590,404.454960,505.740661,567.921334,674.754178,728.918332,270.537629,257.856978,335.130075,386.959053,468.042527,556.499459,594.214177,696.887939,769.698373,334.726074,377.610372,380.783280,469.318194,528.188257,598.149741,627.290119,718.447534,793.538174,407.123349,450.946164,493.343376,499.227491,592.854211,641.116535,718.741022,805.295581,854.562785,534.991833,536.174651,550.831733,592.548282,668.130803,697.587868,782.772049,824.420855,914.543624,618.157781,622.517441,624.699799,687.514673,710.006142,797.358890,822.046722,916.147216,988.037418,709.179631,694.968498,739.942172,750.159902,816.123735,829.747654,908.109485,972.809218
1,76.294518,0.000000,97.771009,193.891422,264.048466,369.283638,470.054404,517.810223,612.401960,115.733669,78.345664,99.993824,230.341962,308.841582,372.988321,475.516426,533.523953,622.781150,166.360947,170.981617,205.333236,267.637471,333.170617,431.977716,493.074865,599.488631,653.360391,269.433458,230.639329,285.038302,327.774133,403.086454,486.682262,522.982033,623.689853,694.805173,321.673356,348.980102,336.898884,414.223700,466.690482,533.754567,558.766620,648.144705,721.840216,393.638844,423.494846,456.288514,451.181959,536.301674,579.187607,652.349232,737.902900,784.071744,521.153706,510.157994,517.526999,548.942257,616.989027,638.663149,720.184255,759.246598,848.200603,603.425875,600.906772,593.181752,646.709438,659.872646,743.871000,763.635133,853.945150,922.902409,696.630989,669.534165,707.030371,712.439869,769.824728,778.533239,852.147070,914.677265
2,171.758580,97.771009,0.000000,97.053699,167.018826,274.344544,375.366391,421.222872,516.641615,198.871301,116.224174,70.788673,156.827534,227.556101,284.981234,384.597493,441.676668,531.882320,231.490001,207.740569,177.544825,219.994486,268.498645,356.169140,412.179067,515.986739,568.198743,324.578453,260.587014,273.548758,294.773705,353.300234,422.338350,454.087487,547.801414,612.483177,360.503855,366.471532,332.162590,385.179937,422.759687,481.877835,496.664180,580.426387,649.773277,428.044855,438.735565,456.329809,433.602066,500.636688,531.836650,594.171593,676.581655,714.865186,550.609084,524.219668,521.092586,535.781056,589.579631,596.435223,669.524079,702.723169,788.445003,629.800373,618.529214,597.361948,635.860314,633.459868,710.349291,720.799021,802.865193,865.306292,724.011909,680.673143,707.013626,705.209648,748.265426,748.589260,813.014057,871.029558
3,268.728332,193.891422,97.053699,0.000000,70.157079,177.830399,278.802559,324.202537,419.627050,284.204529,191.003461,127.897665,104.613132,150.065505,195.463666,290.798810,346.858828,437.524380,303.500251,262.745581,182.172034,191.376566,211.003546,279.427991,328.281597,428.205000,478.526652,383.191452,303.812452,277.474899,273.285073,307.717659,356.783987,382.558972,467.278250,525.160237,403.460717,389.928405,336.879821,360.799263,380.119346,428.309458,431.570416,507.869179,572.035102,463.739122,456.103015,458.109355,418.635515,463.898646,481.733206,531.312853,609.325354,639.373631,577.421497,537.075535,523.789237,521.220519,558.863637,550.187777,613.226615,640.005586,721.613554,651.681542,632.178259,598.352739,620.881513,602.732501,670.907324,671.727447,744.501549,799.968100,745.050193,686.600152,701.377654,692.409350,720.314941,712.172119,766.486262,819.387606
4,338.772003,264.048466,167.018826,70.157079,0.000000,110.637326,210.768974,254.247557,350.165105,351.656924,256.854624,192.805160,119.219935,121.079053,142.122111,227.709310,281.697829,372.628386,365.961417,319.269764,220.082939,206.039432,197.382383,239.377854,277.998033,371.688422,419.366450,438.385816,353.467578,306.486851,285.156022,297.720497,325.768021,344.695734,418.422772,468.384381,450.236045,425.980759,363.256060,365.594750,369.362567,406.450582,398.920870,466.599852,524.926173,505.234427,486.685976,478.453481,428.331828,455.464994,461.634607,498.902751,571.875277,593.901146,611.736668,563.108040,543.281830,528.559538,553.201306,532.058137,585.556417,606.357979,683.556925,681.930771,657.288050,615.372472,626.154914,596.328812,656.645150,649.542495,713.722415,762.710677,773.801330,705.838888,712.362039,698.326070,714.538677,699.860490,745.477802,793.730245
5,445.113890,369.283638,274.344544,177.830399,110.637326,0.000000,101.023361,151.381402,243.321844,446.259909,350.186397,287.132533,173.558682,113.968858,67.724068,119.273063,171.299359,262.202594,450.142137,394.919588,277.308741,234.717177,185.418237,171.078707,187.277547,268.733673,312.963910,507.874352,416.868394,342.133258,297.579812,274.350211,264.563819,270.769124,324.787853,364.093614,505.302182,464.848734,390.617456,359.479647,338.213238,355.057678,330.614388,382.732611,431.816313,549.949725,514.437345,490.322450,425.873581,422.981736,410.437890,427.373190,491.336332,502.076867,641.855030,581.044323,551.386620,517.929781,521.289593,481.411047,519.010234,530.660322,600.605165,703.856559,671.333715,617.416645,609.300802,561.994886,608.780417,589.875760,640.526149,680.035232,791.646768,709.382304,702.589007,680.831575,678.523382,654.121284,685.977991,726.861271
6,545.993549,470.054404,375.366391,278.802559,210.768974,101.023361,0.000000,63.242407,143.804564,543.758630,447.889902,385.729669,264.498720,191.062463,119.175812,53.374353,78.584839,166.512971,543.309569,484.939292,362.369002,308.615283,241.227827,176.177399,152.157096,196.180626,229.896598,593.013086,500.355780,412.527767,356.014841,307.557887,260.142582,248.964713,267.279940,284.438969,582.205418,532.583856,453.472529,399.565975,358.023527,352.773200,310.227463,337.455244,370.362843,619.452981,573.209135,538.148808,465.097864,435.747753,404.641482,396.635490,446.232529,440.640945,699.468515,630.858351,594.343812,546.432491,530.145737,472.665305,490.707568,490.682928,549.479099,754.247751,716.162992,653.705545,629.450703,567.074088,598.683953,567.413497,600.976219,627.866598,837.518930,744.957639,726.884252,698.666235,678.820305,645.108681,661.453720,693.220311
7,592.930039,517.810223,421.222872,324.202537,254.247557,151.381402,63.242407,0.000000,98.074348,597.623991,501.548496,438.361271,322.342832,251.995929,181.447378,106.105388,94.037849,157.337342,600.600224,543.762352,422.675679,370.912583,304.457677,235.588174,201.190509,216.927360,236.659634,653.699366,561.375001,475.420947,419.253334,369.101172,314.387820,297.548254,295.727850,292.309830,644.591812,595.732577,516.710941,461.458213,416.745168,405.611691,357.349021,371.225596,392.058229,682.556525,636.363715,600.553239,526.622025,491.985641,455.449043,436.932238,477.516350,460.682873,762.513088,693.335430,656.046908,605.741963,584.483261,521.476325,530.636747,524.295180,575.244818,816.660302,777.925459,714.203170,686.434678,619.952308,645.730636,609.283027,633.446917,652.011794,899.287625,805.124558,784.586297,754.748887,729.350595,692.254199,701.485899,728.230616
8,688.011890,612.401960,516.641615,419.627050,350.165105,243.321844,143.804564,98.074348,0.000000,687.552100,591.694388,529.464593,407.478384,331.588710,258.330857,159.104514,108.575427,99.709325,686.095692,626.618261,502.591789,444.401189,370.370059,281.070991,226.314845,191.512662,186.772129,731.790079,638.704111,544.030468,481.154503,416.701663,340.338686,311.611425,272.864755,238.194735,715.828957,660.218991,578.945877,508.828587,451.520785,423.744706,364.523866,352.084683,352.015030,747.334398,693.118195,649.361251,570.847913,516.834869,466.878093,426.683938,449.556355,415.408823,816.476307,741.859709,699.696696,638.901777,601.935356,526.361938,516.705298,498.960621,535.674942,863.828442,820.909757,751.121270,710.330446,632.828584,644.074208,597.378921,603.727419,608.508893,941.560712,839.783402,809.861861,775.009574,734.647102,690.093968,684.406014,701.459278
9,104.069372,115.733669,198.871301,284.204529,351.656924,446.259909,543.758630,597.623991,687.552100,0.000000,96.075611,159.707550,282.887332,363.132603,434.486846,539.412331,598.267875,683.609404,65.144918,110.299729,212.520161,284.017794,362.548091,470.430473,537.232208,645.334858,701.296520,166.683629,161.431114,256.004809,318.475013,407.518163,505.754239,547.140675,655.700217,736.567663,231.127367,278.838900,293.134283,392.199709,459.641449,533.763422,571.793460,666.709776,745.525800,303.342256,350.788888,398.078021,413.156264,515.546682,571.519613,656.980271,744.992433,802.111032,431.061849,434.911132,452.779001,501.195110,583.308364,622.483616,712.870470,759.100702,851.054078,514.236732,519.668178,525.323665,593.300408,623.763858,714.221494,745.162799,844.641764,921.588243,605.119009,592.996698,640.790324,653.596529,725.582945,743.878254,827.379090,894.679790
10,131.883392,78.345664,116.224174,191.003461,256.854624,350.186397,447.889902,501.548496,591.694388,96.075611,0.000000,64.100943,188.919903,269.644363,339.933850,444.787229,503.631211,589.936851,115.685974,97.890408,135.889704,204.119624,277.607442,382.767098,447.871875,555.827491,611.253379,209.457362,156.167541,207.860008,255.441384,336.386345,427.132608,466.215946,571.644850,648.798542,252.002357,272.384492,258.686138,339.443097,396.393070,466.326736,496.809993,589.161622,665.647376,322.516051,346.814866,378.005736,373.833429,462.489325,509.310413,587.243831,674.084212,725.263456,448.714658,433.534344,439.518364,470.892686,540.758557,566.440551,650.929727,692.635961,782.957062,530.187805,525.246654,515.322372,568.447403,583.336784,668.668505,691.126492,784.360666,856.224035,623.932726,592.704875,628.925913,634.094227,692.348631,702.443858,778.212757,842.042964
11,172.781687,99.993824,70.788673,127.897665,192.805160,287.132533,385.729669,438.361271,529.464593,159.707550,64.100943,0.000000,132.754280,212.955516,280.797640,385.150087,443.843737,531.421714,175.780193,141.064092,114.354975,169.717029,233.176793,332.970030,395.419210,502.611576,557.211250,260.607961,191.033689,206.389442,236.346268,305.645961,386.800996,422.996613,524.298276,597.161203,291.469324,295.706989,263.898200,325.608591,371.514205,436.206341,459.173217,548.169917,621.924798,357.997678,368.146450,387.718803,369.670820,444.951695,483.175432,553.509777,638.586504,684.081128,479.944932,453.833193,452.033333,470.823216,530.193775,544.732771,623.378039,660.891266,749.237160,559.017619,547.977086,528.364869,570.482815,573.759287,654.146301,669.713239,757.182325,824.440514,653.229628,610.779103,639.017529,638.950909,686.819168,690.731841,759.943644,820.639523
12,305.026002,230.341962,156.827534,104.613132,119.219935,173.558682,264.498720,322.342832,407.478384,282.887332,188.919903,132.754280,0.000000,80.778520,151.672990,256.576029,315.419673,401.052404,278.811007,221.585158,105.926665,89.202165,112.615576,202.084823,262.898665,369.882921,424.467744,334.723375,244.761131,187.312483,170.753198,204.742433,265.623350,297.491612,394.126369,464.675988,337.174742,307.590883,244.144738,256.710017,276.779682,329.154606,340.120578,423.786704,494.310575,388.482136,367.468265,360.931113,315.999875,359.752088,381.196335,438.234385,519.928404,558.602831,492.702610,444.290804,426.195233,418.091526,454.311312,448.422540,516.025711,546.974023,631.911653,562.736869,538.729334,499.420138,517.358519,498.204730,567.564684,571.229060,648.698847,709.078699,654.741825,589.082711,599.742314,589.121259,615.722207,608.330961,665.202453,720.172606
13,384.295523,308.841582,227.556101,150.065505,121.079053,113.968858,191.062463,251.995929,331.588710,363.132603,269.644363,212.955516,80.778520,0.000000,73.312513,177.257483,235.910048,320.502193,355.499259,295.067123,171.378319,121.245926,79.771688,129.994450,185.022444,290.670955,344.623683,401.972241,309.434600,228.409090,185.213973,178.820272,208.114534,232.494533,320.511468,386.329628,393.872891,351.004319,276.793097,254.574336,249.432790,285.703167,282.536348,357.924259,423.691525,436.414325,400.860250,379.659628,319.930227,335.763141,340.719339,382.568954,459.416982,490.199291,528.252443,469.231143,442.167092,416.624942,434.002014,411.025756,466.861418,490.984633,571.681584,591.520930,560.751034,510.677661,511.957943,476.751484,535.599173,529.164527,596.694558,650.180285,680.354373,602.365199,601.590248,584.116578,594.888278,578.939859,624.929521,674.469145
14,449.164104,372.988321,284.981234,195.463666,142.122111,67.724068,119.175812,181.447378,258.330857,434.486846,339.933850,280.797640,151.672990,73.312513,0.000000,104.925634,163.782557,250.636377,428.647728,368.375305,244.347936,189.510132,126.416669,105.641029,135.876091,232.743061,283.544328,474.350512,381.511705,294.256443,241.470216,208.561405,198.530142,208.802494,276.302340,329.703643,463.171478,415.348418,337.662210,296.097629,270.875576,287.959771,266.989574,326.656723,382.880529,501.873488,459.549815,430.266591,362.591923,355.366406,343.483363,365.375063,433.646420,452.058894,586.653997,522.071712,489.744414,452.372371,453.612105,414.556926,455.614473,470.701840,544.485732,645.387990,610.630739,553.909517,542.588589,494.271346,541.801597,524.826252,579.747746,623.870357,731.526719,645.857915,636.615622,613.928435,610.829819,586.972338,621.056102,663.979436
15,551.808693,475.516426,384.597493,290.798810,227.709310,119.273063,53.374353,106.105388,159.104514,539.412331,444.787229,385.150087,256.576029,177.257483,104.925634,0.000000,58.858410,147.371958,532.595921,471.274108,346.103794,285.777353,211.327792,130.265827,98.898214,152.415300,193.888603,573.732817,480.572811,384.969758,323.148057,265.365597,209.003654,195.843898,217.876326,245.904587,556.724446,501.892166,421.078724,358.043762,310.751324,301.045275,256.981860,285.687795,322.894719,589.034309,537.528751,498.023911,422.460191,386.077864,352.215043,343.463246,394.813151,393.442058,662.443746,590.876933,551.993885,499.829725,479.278484,419.785531,437.513084,438.563112,499.559949,713.897392,673.866433,608.826598,580.417390,515.505402,545.559703,514.064461,548.976724,578.347660,795.169342,699.512921,678.493175,648.945455,626.447280,592.009559,608.194128,640.609118
16,609.814039,533.523953,441.676668,346.858828,281.697829,171.299359,78.584839,94.037849,108.575427,598.267875,503.631211,443.843737,315.419673,235.910048,163.782557,58.858410,0.000000,90.930792,590.997661,529.261561,403.801197,341.873260,265.117357,172.511408,120.200816,124.060503,151.972650,630.128142,536.978227,438.436951,373.832597,308.150055,235.609329,211.779608,201.753624,207.060570,610.624831,552.986251,471.392661,400.365508,344.875586,322.940882,269.204351,277.299237,299.755921,640.016461,584.673612,540.907790,462.754855,413.644701,369.789724,344.290715,383.499671,369.151240,707.901328,633.476411,591.841214,533.269421,502.303437,433.445042,437.644076,430.274445,482.077800,755.638018,713.276962,644.679464,608.118801,535.629359,555.879502,516.810654,539.417600,559.341583,834.147982,734.061950,707.288461,674.503836,642.088546,602.356412,608.305729,634.235874
17,699.063907,622.781150,531.882320,437.524380,372.628386,262.202594,166.512971,157.337342,99.709325,683.609404,589.936851,531.421714,401.052404,320.502193,250.636377,147.371958,90.930792,0.000000,672.714303,609.418674,483.566564,417.955316,337.932086,233.845591,167.312241,97.986688,87.336538,704.910605,612.227913,507.635308,438.591634,361.596333,270.088807,234.003984,176.433898,140.450885,679.315381,616.126842,533.906194,450.116204,383.433598,344.033963,279.733284,255.344347,252.359130,702.209839,639.830304,588.886563,507.668210,439.385130,381.840912,331.932621,350.286534,316.474749,758.737494,679.770156,633.793513,565.358516,518.278346,436.827594,419.956419,399.891406,436.217318,799.219184,753.063424,679.061428,629.460436,546.212713,550.621372,500.765837,504.102059,509.652422,872.146909,765.188653,729.029581,691.348989,643.528549,596.193724,586.259784,601.952271
18,168.815730,166.360947,231.490001,303.500251,365.961417,450.142137,543.309569,600.600224,686.095692,65.144918,115.685974,175.780193,278.811007,355.499259,428.647728,532.595921,590.997661,672.714303,0.000000,66.488074,189.926350,259.533902,340.741407,450.038658,518.578942,625.923983,682.415688,104.155093,102.760021,209.866058,278.619552,371.087725,474.216368,517.431297,628.511887,713.800259,166.014366,215.992880,238.720527,344.006255,416.521430,492.524191,536.101700,632.506670,713.083786,238.321907,286.818546,336.937531,358.213964,465.694711,526.362538,616.284894,704.615001,766.421909,366.183667,370.296917,389.759702,442.098339,528.013818,573.282338,666.498831,715.413628,808.073809,449.345683,454.549985,461.494442,532.172460,567.389630,659.450592,694.185159,796.646626,876.467443,540.562161,528.067817,576.967253,591.061568,666.310178,687.342212,773.734934,842.436106
19,200.447224,170.981617,207.740569,262.745581,319.269764,394.919588,484.939292,543.762352,626.618261,110.299729,97.890408,141.064092,221.585158,295.067123,368.375305,471.274108,529.261561,609.418674,66.488074,0.000000,125.855372,193.978110,275.353787,384.618472,453.395898,560.419459,616.957079,120.493463,59.746132,146.775798,213.145504,305.055800,407.763274,450.943404,562.062338,647.689530,154.305017,179.277186,183.220337,282.610175,352.485302,427.871005,470.103404,566.342191,646.755333,224.634964,253.609889,292.898881,303.132922,405.627306,463.398049,551.558002,639.840266,700.533991,351.129878,340.015323,351.050810,393.120657,473.230701,512.797519,604.278513,651.888966,744.293098,432.948477,430.026595,425.663622,487.210514,513.957570,604.011311,635.099032,735.446590,813.680843,526.490732,499.459953,540.535003,549.757968,617.270409,634.059613,717.080090,784.453444
20,267.652635,205.333236,177.544825,182.172034,220.082939,277.308741,362.369002,422.675679,502.591789,212.520161,135.889704,114.354975,105.926665,171.378319,244.347936,346.103794,403.801197,483.566564,189.926350,125.855372,0.000000,71.527048,151.469745,260.575317,328.820555,436.425074,492.837219,231.098065,139.560679,98.024874,122.841542,200.506420,293.895235,334.726978,443.289419,525.651141,231.447546,208.153631,157.787394,211.360666,261.580554,330.500474,361.933330,455.516990,533.489265,285.243616,274.096224,281.569345,256.293350,331.720863,374.316377,451.408061,538.410752,591.386901,395.494281,356.164004,347.040960,358.261935,415.864521,433.345845,515.694670,556.773128,647.080273,469.551304,451.314587,422.869461,458.317374,459.408351,540.398069,558.334420,649.315038,720.384786,563.036438,508.730803,530.655487,527.745730,572.618708,576.554180,647.335673,709.377687
21,334.573590,267.637471,219.994486,191.376566,206.039432,234.717177,308.615283,370.912583,444.401189,284.017794,204.119624,169.717029,89.202165,121.245926,189.510132,285.777353,341.873260,417.955316,259.533902,193.978110,71.527048,0.000000,81.400640,190.640364,259.474212,366.462992,422.989856,288.260059,195.126279,107.484919,81.945865,135.931600,223.248509,263.446279,371.763839,454.646905,273.679934,230.297951,159.383122,170.207435,203.162341,266.507308,292.796756,385.190377,462.488186,315.255497,283.929850,272.459037,227.346807,280.948586,313.836978,384.819958,470.866717,521.243405,410.734189,357.609927,337.466839,329.846796,372.020485,376.883583,453.689429,491.619689,580.704221,477.730244,451.436638,410.327620,429.534956,416.025233,490.578105,501.578003,587.487110,655.267532,568.728655,500.239893,510.726178,501.032797,532.457520,529.441694,593.192379,652.217000
22,404.454960,333.170617,268.498645,211.003546,197.382383,185.418237,241.227827,304.457677,370.370059,362.548091,277.607442,233.176793,112.615576,79.771688,126.416669,211.327792,265.117357,337.932086,340.741407,275.353787,151.469745,81.400640,0.000000,109.300620,178.073908,285.182764,341.679388,367.016359,274.300808,173.661529,115.230394,100.342646,154.454934,189.873480,294.114092,374.311771,345.633173,291.628890,212.272520,175.588024,172.277778,217.543121,228.296226,315.084828,389.086683,378.664727,333.242930,305.064207,241.503373,258.160776,270.729802,325.776412,408.278157,450.917476,460.264239,396.289439,365.995374,337.047815,355.823433,339.437192,403.721045,434.454144,519.999166,519.442669,485.975983,432.835990,432.187143,398.960635,461.621025,460.738474,536.169921,596.820872,606.458551,524.720317,522.070753,504.348710,517.171169,503.964643,555.510792,608.776771
23,505.740661,431.977716,356.169140,279.427991,239.377854,171.078707,176.177399,235.588174,281.070991,470.430473,382.767098,332.970030,202.084823,129.994450,105.641029,130.265827,172.511408,233.845591,450.038658,384.618472,260.575317,190.640364,109.300620,0.000000,69.193108,175.892060,232.378901,473.096782,381.200798,273.980699,204.929709,136.055571,93.509310,105.328112,192.072159,266.262645,445.475976,383.292324,301.185163,228.662188,181.850428,185.057291,161.637594,228.700040,293.859686,469.906452,412.284786,369.084244,292.435385,261.053395,239.987307,260.742718,332.582878,360.213940,535.429901,461.844404,421.952366,370.395556,357.318933,310.728100,350.155248,367.321215,444.461433,584.522753,543.785423,478.671957,453.758100,396.138719,438.179725,419.261273,475.529555,523.486502,665.044804,569.536399,550.827338,523.527619,510.924885,483.781706,515.470502,558.608839
24,567.921334,493.074865,412.179067,328.281597,277.998033,187.277547,152.157096,201.190509,226.314845,537.232208,447.871875,395.419210,262.898665,185.022444,135.876091,98.898214,120.200816,167.312241,518.578942,453.395898,328.820555,259.474212,178.073908,69.193108,0.000000,108.109652,164.184194,542.129384,450.354196,342.288953,271.922430,194.941508,115.505834,97.025941,140.428159,201.777433,513.155239,448.874189,366.655550,285.155760,225.229604,204.736099,158.085893,195.717482,247.142475,534.898123,473.429925,425.189516,345.441406,293.756865,254.317635,246.681886,304.745669,316.654858,594.010132,517.155097,473.776793,413.181682,384.009831,321.143796,340.422105,345.760138,413.380608,638.392703,594.751592,524.944798,488.384957,418.855916,446.685255,415.960206,456.153936,492.795131,715.287561,614.026373,587.387259,555.413161,528.398943,493.146812,510.620920,545.562650
25,674.754178,599.488631,515.986739,428.205000,371.688422,268.733673,196.180626,216.927360,191.512662,645.334858,555.827491,502.611576,369.882921,290.670955,232.743061,152.415300,124.060503,97.986688,625.923983,560.419459,436.425074,366.462992,285.182764,175.892060,108.109652,0.000000,56.571048,645.577234,554.812161,443.803990,371.275672,285.758319,184.474783,143.430667,81.941935,96.970604,612.158288,543.618875,462.005025,368.703220,296.094706,249.492272,183.220917,160.923729,175.708380,627.815787,559.837653,504.182831,421.948053,345.246292,284.688004,235.321972,262.571964,245.320824,674.610780,593.229188,545.091929,472.550928,421.221254,338.841172,325.318802,310.786416,358.322680,710.468878,662.590175,586.543376,533.109675,448.442795,453.422459,405.923937,418.391589,435.330296,780.434635,671.150262,632.540370,594.075204,545.704001,499.217127,493.843218,514.642194
26,728.918332,653.360391,568.198743,478.526652,419.366450,312.963910,229.896598,236.659634,186.772129,701.296520,611.253379,557.211250,424.467744,344.623683,283.544328,193.888603,151.972650,87.336538,682.415688,616.957079,492.837219,422.989856,341.679388,232.378901,164.184194,56.571048,0.000000,701.857547,611.255117,499.863461,427.054906,340.253236,236.500155,193.274285,103.633792,55.693003,667.560595,598.065214,516.762662,420.892974,345.728838,292.705568,223.906743,178.013477,165.347369,681.628315,611.913103,554.205338,471.732317,387.966658,321.562066,257.074706,265.612622,229.210414,724.490435,641.872945,592.358354,516.194252,457.202112,368.775337,340.393961,315.615056,348.928885,757.249408,708.013737,630.072236,570.567356,480.841835,475.577146,420.979268,418.003680,422.379091,824.371766,712.458145,669.292323,628.450617,571.263452,520.226734,503.491130,516.213646
27,270.537629,269.433458,324.578453,383.191452,438.385816,507.874352,593.013086,653.699366,731.790079,166.683629,209.457362,260.607961,334.723375,401.972241,474.350512,573.732817,630.128142,704.910605,104.155093,120.493463,231.098065,288.260059,367.016359,473.096782,542.129384,645.577234,701.857547,0.000000,93.166352,202.748716,276.682378,369.062790,476.879513,522.025332,634.818698,726.217762,75.077508,148.695229,203.988819,317.297493,397.926630,475.109303,528.764576,625.730971,708.184596,141.788301,207.104148,269.898548,312.042964,429.144598,499.250754,596.775154,684.153229,754.481171,267.011744,283.353177,312.350657,379.333368,475.121519,535.476680,633.608903,687.741104,780.700944,349.976594,360.525273,378.482927,460.278318,510.586502,605.777330,649.913608,758.252547,843.727437,439.494258,436.542460,492.808558,512.844592,599.230160,628.362291,721.737290,793.369095
28,257.856978,230.639329,260.587014,303.812452,353.467578,416.868394,500.355780,561.375001,638.704111,161.431114,156.167541,191.033689,244.761131,309.434600,381.511705,480.572811,536.978227,612.227913,102.760021,59.746132,139.560679,195.126279,274.300808,381.200798,450.354196,554.812161,611.255117,93.166352,0.000000,116.648669,190.093836,283.707912,390.486794,435.162183,547.781814,637.477768,100.678724,120.050032,136.554857,244.995326,321.146864,398.153665,446.851063,543.946551,625.793485,167.709016,194.135103,236.759770,255.582530,364.855966,428.424546,521.566805,609.769289,675.578917,292.707878,280.392152,292.989185,340.114142,425.271776,472.520946,567.220089,617.882070,710.835081,374.020857,370.297994,366.981275,431.906625,464.652529,556.732387,592.421264,696.180442,777.610990,467.801259,439.820915,482.125460,492.887888,564.488550,584.633350,671.152014,740.158667
29,335.130075,285.038302,273.548758,277.474899,306.486851,342.133258,412.527767,475.420947,544.030468,256.004809,207.860008,206.389442,187.312483,228.409090,294.256443,384.969758,438.436951,507.635308,209.866058,146.775798,98.024874,107.484919,173.661529,273.980699,342.288953,443.803990,499.863461,202.748716,116.648669,0.000000,74.057250,167.306247,274.631670,319.601155,432.380425,523.470024,172.247853,122.823707,59.827961,136.225117,206.713286,283.068943,330.234821,427.314966,509.146275,208.080532,180.309143,183.598885,166.145339,259.797190,316.768401,406.794344,495.122131,559.299833,305.499174,259.612129,249.021747,265.223416,333.261137,366.498897,457.507553,505.601449,598.216586,375.902326,354.703535,324.910191,364.415752,375.590670,462.238909,489.552091,588.768295,667.032850,468.532275,410.798401,433.488386,432.568278,484.794504,494.964787,573.559941,639.583018
30,386.959053,327.774133,294.773705,273.285073,285.156022,297.579812,356.014841,419.253334,481.154503,318.475013,255.441384,236.346268,170.753198,185.213973,241.470216,323.148057,373.832597,438.591634,278.619552,213.145504,122.841542,81.945865,115.230394,204.929709,271.922430,371.275672,427.054906,276.682378,190.093836,74.057250,0.000000,93.669382,200.606545,245.545030,358.323183,449.631065,241.395720,179.153847,97.936433,90.461720,141.828564,215.315983,257.923556,354.762669,436.179444,266.212647,218.079875,195.134101,145.402568,208.883866,254.595868,338.746755,426.934644,487.930580,345.252122,284.019349,258.914580,247.947519,294.860688,311.151947,396.357456,440.801314,532.593779,406.414479,375.948558,330.232991,347.755703,338.704631,417.806357,436.012796,529.398049,603.694572,495.197716,420.944172,428.992742,419.149142,453.752154,454.630228,524.525318,587.029772
31,468.042527,403.086454,353.300234,307.717659,297.720497,274.350211,307.557887,369.101172,416.701663,407.518163,336.386345,305.645961,204.742433,178.820272,208.561405,265.365597,308.150055,361.596333,371.087725,305.055800,200.506420,135.931600,100.342646,136.055571,194.941508,285.758319,340.253236,369.062790,283.707912,167.306247,93.669382,0.000000,107.958814,153.274225,265.947579,358.944402,328.302438,257.882029,176.547285,92.699444,72.500948,130.677080,165.047679,261.492915,342.621121,342.293568,278.488482,233.029979,157.556501,157.872377,178.569426,250.951322,338.266001,395.513039,399.956670,325.806803,286.946620,243.813705,255.509020,244.010027,317.774338,356.489545,446.573873,448.609950,408.829526,347.010868,335.457676,298.618590,363.189843,367.723491,451.563992,520.162685,530.189420,438.719108,428.254612,407.318193,416.828997,404.729609,460.895603,517.739053
32,556.499459,486.682262,422.338350,356.783987,325.768021,264.563819,260.142582,314.387820,340.338686,505.754239,427.132608,386.800996,265.623350,208.114534,198.530142,209.003654,235.609329,270.088807,474.216368,407.763274,293.895235,223.248509,154.454934,93.509310,115.505834,184.474783,236.500155,476.879513,390.486794,274.631670,200.606545,107.958814,0.000000,45.371559,157.995378,251.503046,435.646567,363.212633,283.076814,184.458931,113.347366,93.069739,74.874181,162.040788,239.778834,445.640228,375.577109,320.091780,238.179272,178.326639,147.015584,174.568375,254.314873,298.166148,490.460969,410.076915,363.714415,298.587450,270.274966,217.431491,259.845094,283.221805,366.386099,529.130390,483.360405,411.213704,373.005824,306.960700,344.883321,326.555867,388.617111,443.962854,603.062829,499.456568,471.910236,440.530195,419.804919,390.641840,422.817965,468.207874
33,594.214177,522.982033,454.087487,382.558972,344.695734,270.769124,248.964713,297.548254,311.611425,547.140675,466.215946,422.996613,297.491612,232.494533,208.802494,195.843898,211.779608,234.003984,517.431297,450.943404,334.726978,263.446279,189.873480,105.328112,97.025941,143.430667,193.274285,522.025332,435.162183,319.601155,245.545030,153.274225,45.371559,0.000000,112.796253,206.223861,480.995298,408.262148,328.355198,228.044608,152.830259,112.133765,61.601890,126.343804,199.455222,490.216909,418.814904,361.209323,278.825329,206.092532,158.245350,156.744007,227.461177,261.377277,531.605227,449.834252,401.752092,331.358046,290.902725,224.161733,248.429522,262.191751,339.541849,567.182748,519.812498,445.072903,398.756420,323.866922,349.726880,321.404241,370.950085,418.395476,638.370695,531.396599,498.328565,463.659171,431.808598,396.167896,416.908697,456.092453
34,696.887939,623.689853,547.801414,467.278250,418.422772,324.787853,267.279940,295.727850,272.864755,655.700217,571.644850,524.298276,394.126369,320.511468,276.302340,217.876326,201.753624,176.433898,628.511887,562.062338,443.289419,371.763839,294.114092,192.072159,140.428159,81.941935,103.633792,634.818698,547.781814,432.380425,358.323183,265.947579,157.995378,112.796253,0.000000,97.103914,592.978640,519.006873,440.040396,336.084728,256.234582,194.806977,125.292174,79.222311,107.098884,599.383138,524.748121,462.835162,380.605548,288.395104,218.932526,155.789055,181.838674,177.295814,631.981891,547.625667,496.362080,416.662318,353.935928,265.256087,243.898300,229.336493,282.203842,660.100801,609.513203,530.076013,467.534365,377.209747,374.739094,324.643602,337.808427,360.660335,724.335229,610.827719,566.010062,524.856793,469.058295,420.059109,411.934649,433.357780
35,769.698373,694.805173,612.483177,525.160237,468.384381,364.093614,284.438969,292.309830,238.194735,736.567663,648.798542,597.161203,464.675988,386.329628,329.703643,245.904587,207.060570,140.450885,713.800259,647.689530,525.651141,454.646905,374.311771,266.262645,201.777433,96.970604,55.693003,726.217762,637.477768,523.470024,449.631065,358.944402,251.503046,206.223861,97.103914,0.000000,687.101953,614.365602,534.571422,432.477947,353.192512,291.221947,221.882277,153.958926,119.374206,695.592319,621.682635,559.927896,477.709437,383.555779,310.956389,232.463355,224.851114,177.735450,728.957270,644.381512,592.730297,511.437883,442.951845,349.134244,307.227133,274.949026,299.133744,755.887876,704.648514,624.237228,556.943665,462.153979,446.580909,386.465497,372.514611,370.519015,818.186214,702.958069,654.103940,610.691410,544.591893,489.743150,463.952276,471.202626
36,334.726074,321.673356,360.503855,403.460717,450.236045,505.302182,582.205418,644.591812,715.828957,231.127367,252.002357,291.469324,337.174742,393.872891,463.171478,556.724446,610.624831,679.315381,166.014366,154.305017,231.447546,273.679934,345.633173,445.475976,513.155239,612.158288,667.560595,75.077508,100.678724,172.247853,241.395720,328.302438,435.646567,480.995298,592.978640,687.101953,0.000000,81.345105,153.084131,263.396882,345.920754,421.932427,480.358710,576.227250,658.859703,72.602180,132.271762,197.485263,247.565212,366.783623,440.469515,540.653452,626.705065,700.891493,200.738901,208.849996,237.420690,307.054886,405.304376,471.159762,570.639510,626.766831,719.297574,283.766888,289.131781,303.553761,385.685907,439.255525,534.972301,582.143467,692.245435,779.680123,375.874552,363.886347,418.121750,437.767286,525.140609,555.967076,651.050334,723.400281
37,377.610372,348.980102,366.471532,389.928405,425.980759,464.848734,532.583856,595.732577,660.218991,278.838900,272.384492,295.706989,307.590883,351.004319,415.348418,501.892166,552.986251,616.126842,215.992880,179.277186,208.153631,230.297951,291.628890,383.292324,448.874189,543.618875,598.065214,148.695229,120.050032,122.823707,179.153847,257.882029,363.212633,408.262148,519.006873,614.365602,81.345105,0.000000,82.220820,185.202031,267.845367,342.855026,403.268178,498.227165,580.730041,87.142175,74.514747,122.891997,166.246072,285.448125,359.536999,460.239975,545.878455,621.046744,187.510152,161.202559,173.944596,231.483793,326.458889,389.937463,489.315412,545.451666,637.957745,263.884792,253.341259,247.091177,317.067515,362.023772,457.094583,502.003807,611.456158,698.488964,358.026747,320.554821,362.394618,375.072227,453.616009,480.246777,573.043073,644.728712
38,380.783280,336.898884,332.162590,336.879821,363.256060,390.617456,453.472529,516.710941,578.945877,293.134283,258.686138,263.898200,244.144738,276.793097,337.662210,421.078724,471.392661,533.906194,238.720527,183.220337,157.787394,159.383122,212.272520,301.185163,366.655550,462.005025,516.762662,203.988819,136.554857,59.827961,97.936433,176.547285,283.076814,328.355198,440.040396,534.571422,153.084131,82.220820,0.000000,113.312125,194.567476,271.499418,327.753378,424.081165,506.723462,168.761984,124.587406,124.219022,120.037057,228.942104,295.822237,392.788191,480.205576,550.998779,251.696685,200.590093,189.397947,212.422255,290.197648,336.512011,432.448006,484.919814,577.964482,318.774297,295.507315,265.456401,309.831518,330.737597,421.296844,455.872829,560.227919,642.953148,410.600739,350.974685,375.123847,376.395750,435.361175,450.842063,535.136488,603.730859
39,469.318194,414.223700,385.179937,360.799263,365.594750,359.479647,399.565975,461.458213,508.828587,392.199709,339.443097,325.608591,256.710017,254.574336,296.097629,358.043762,400.365508,450.116204,344.006255,282.610175,211.360666,170.207435,175.588024,228.662188,285.155760,368.703220,420.892974,317.297493,244.995326,136.225117,90.461720,92.699444,184.458931,228.044608,336.084728,432.477947,263.396882,185.202031,113.312125,0.000000,82.673616,158.675649,218.143076,313.112469,395.680162,263.329457,191.143609,140.542606,66.498304,123.766470,183.539689,279.477660,366.977718,438.063912,308.894921,233.204246,194.836117,162.989721,204.694176,230.284072,322.550465,372.996396,466.003159,355.912424,316.602169,257.979606,261.048212,248.431866,329.655398,353.496641,452.910894,532.759263,437.953906,349.953818,347.412162,333.075943,363.301426,365.202284,438.866165,503.826434
40,528.188257,466.690482,422.759687,380.119346,369.362567,338.213238,358.023527,416.745168,451.520785,459.641449,396.393070,371.514205,276.779682,249.432790,270.875576,310.751324,344.875586,383.433598,416.521430,352.485302,261.580554,203.162341,172.277778,181.850428,225.229604,296.094706,345.728838,397.926630,321.146864,206.713286,141.828564,72.500948,113.347366,152.830259,256.234582,353.192512,345.920754,267.845367,194.567476,82.673616,0.000000,77.278304,135.811499,230.441006,313.020883,344.649990,268.513540,208.478130,126.026409,86.361655,112.930340,200.422132,288.662443,356.566405,378.816754,297.202253,250.367872,189.151387,184.859022,173.731639,254.648469,299.523162,391.809091,415.787242,370.268003,299.805155,272.819766,227.337560,290.834484,298.448497,387.967853,462.025663,490.354717,389.472381,369.121881,343.537410,345.455580,332.228849,390.281031,449.217030
41,598.149741,533.754567,481.877835,428.309458,406.450582,355.057678,352.773200,405.611691,423.744706,533.763422,466.326736,436.206341,329.154606,285.703167,287.959771,301.045275,322.940882,344.033963,492.524191,427.871005,330.500474,266.507308,217.543121,185.057291,204.736099,249.492272,292.705568,475.109303,398.153665,283.068943,215.315983,130.677080,93.069739,112.133765,194.806977,291.221947,421.932427,342.855026,271.499418,158.675649,77.278304,0.000000,69.528324,156.583931,238.476415,416.636444,336.689703,270.816180,189.943020,95.764129,55.694089,123.762391,212.096190,279.500250,438.328205,353.258688,301.575218,223.590972,179.415722,126.821236,187.700237,226.353691,317.472986,465.423840,415.431467,337.566202,286.667972,214.465574,253.853859,243.759609,321.310480,389.897570,531.785444,421.673227,386.268754,351.706538,326.736845,299.064017,339.277960,391.236707
42,627.290119,558.766620,496.664180,431.570416,398.920870,330.614388,310.227463,357.349021,364.523866,571.793460,496.809993,459.173217,340.120578,282.536348,266.989574,256.981860,269.204351,279.733284,536.101700,470.103404,361.933330,292.796756,228.296226,161.637594,158.085893,183.220917,223.906743,528.764576,446.851063,330.234821,257.923556,165.047679,74.874181,61.601890,125.292174,221.882277,480.358710,403.268178,327.753378,218.143076,135.811499,69.528324,0.000000,97.128047,179.421573,480.372630,402.768783,338.784297,257.039146,164.087193,102.505415,100.104545,179.984358,230.516126,507.212193,422.499349,371.070398,292.381830,238.623162,164.340266,188.636935,208.483261,291.797897,534.928958,484.725156,406.191417,349.924599,268.304823,288.731120,260.097912,314.805011,369.145360,600.505938,488.940261,449.413300,411.804857,372.888143,335.228305,355.835501,397.004488
43,718.447534,648.144705,580.426387,507.869179,466.599852,382.732611,337.455244,371.225596,352.084683,666.709776,589.161622,548.169917,423.786704,357.924259,326.656723,285.687795,277.299237,255.344347,632.506670,566.342191,455.516990,385.190377,315.084828,228.700040,195.717482,160.923729,178.013477,625.730971,543.946551,427.314966,354.762669,261.492915,162.040788,126.343804,79.222311,153.958926,576.227250,498.227165,424.081165,313.112469,230.441006,156.583931,97.128047,0.000000,82.648366,573.177518,493.020743,425.829416,346.043709,239.521946,162.088367,79.432471,109.358609,136.131524,590.743555,504.433629,450.687020,364.664702,289.954055,195.175891,164.702204,153.460140,218.045507,610.568078,557.663828,475.541936,403.842287,308.195971,297.567270,245.478266,263.550209,297.492343,668.430017,551.396236,500.430886,456.737759,393.581479,342.345875,333.010791,357.077402
44,793.538174,721.840216,649.773277,572.035102,524.926173,431.816313,370.362843,392.058229,352.015030,745.525800,665.647376,621.924798,494.310575,423.691525,382.880529,322.894719,299.755921,252.359130,713.083786,646.755333,533.489265,462.488186,389.086683,293.859686,247.142475,175.708380,165.347369,708.184596,625.793485,509.146275,436.179444,342.621121,239.778834,199.455222,107.098884,119.374206,658.859703,580.730041,506.723462,395.680162,313.020883,238.476415,179.421573,82.648366,0.000000,655.043347,574.049279,505.773428,427.001016,316.909668,237.478137,139.658156,106.994847,70.571609,668.576350,581.812190,527.258162,438.609623,355.466684,256.238289,195.459010,156.585565,184.338938,684.231011,630.150029,546.746294,467.603682,366.848617,337.192370,271.868826,253.500933,260.001886,737.395901,618.002394,560.793641,514.102548,436.818898,378.176261,345.409390,352.090342
45,407.123349,393.638844,428.044855,463.739122,505.234427,549.949725,619.452981,682.556525,747.334398,303.342256,322.516051,357.997678,388.482136,436.414325,501.873488,589.034309,640.016461,702.209839,238.321907,224.634964,285.243616,315.255497,378.664727,469.906452,534.898123,627.815787,681.628315,141.788301,167.709016,208.080532,266.212647,342.293568,445.640228,490.216909,599.383138,695.592319,72.602180,87.142175,168.761984,263.329457,344.649990,416.636444,480.372630,573.177518,655.043347,0.000000,87.691224,161.274709,229.781945,348.012359,426.077514,528.673142,611.594266,690.784330,128.137611,145.711292,184.292904,266.227694,369.559636,446.358242,546.953257,605.950432,696.945434,211.178509,218.737439,242.208059,332.979424,398.824778,494.907319,548.890658,661.725377,752.291765,303.358754,294.981614,354.385728,378.649171,474.087265,511.110429,610.397144,684.119493
46,450.946164,423.494846,438.735565,456.103015,486.685976,514.437345,573.209135,636.363715,693.118195,350.788888,346.814866,368.146450,367.468265,400.860250,459.549815,537.528751,584.673612,639.830304,286.818546,253.609889,274.096224,283.929850,333.242930,412.284786,473.429925,559.837653,611.913103,207.104148,194.135103,180.309143,218.079875,278.488482,375.577109,418.814904,524.748121,621.682635,132.271762,74.514747,124.587406,191.143609,268.513540,336.689703,402.768783,493.020743,574.049279,87.691224,0.000000,73.659924,147.050018,262.699349,341.734505,444.657743,526.194598,606.892338,127.417954,86.719662,105.276649,179.539723,282.126271,359.118232,459.722201,519.127483,609.758968,195.745623,179.844027,174.683246,253.467896,312.437646,408.581971,461.349573,574.055334,664.623785,288.953283,246.040434,290.150135,306.416187,393.331732,426.623424,524.388407,597.768311
47,493.343376,456.288514,456.329809,458.109355,478.453481,490.322450,538.148808,600.553239,649.361251,398.078021,378.005736,387.718803,360.931113,379.659628,430.266591,498.023911,540.907790,588.886563,336.937531,292.898881,281.569345,272.459037,305.064207,369.084244,425.189516,504.182831,554.205338,269.898548,236.759770,183.598885,195.134101,233.029979,320.091780,361.209323,462.835162,559.927896,197.485263,122.891997,124.219022,140.542606,208.478130,270.816180,338.784297,425.829416,505.773428,161.274709,73.659924,0.000000,82.499266,191.223212,270.946195,373.859391,454.002149,535.915376,170.428549,92.855139,65.707638,109.588429,209.577017,285.580602,386.171994,445.818227,536.216645,216.109997,181.121841,141.311354,195.288898,241.925414,337.848964,388.379992,500.703263,591.021487,301.399873,228.527617,251.647166,256.961311,330.733573,358.602199,453.906856,526.696892
48,499.227491,451.181959,433.602066,418.635515,428.331828,425.873581,465.097864,526.622025,570.847913,413.156264,373.833429,369.670820,315.999875,319.930227,362.591923,422.460191,462.754855,507.668210,358.213964,303.132922,256.293350,227.346807,241.503373,292.435385,345.441406,421.948053,471.732317,312.042964,255.582530,166.145339,145.402568,157.556501,238.179272,278.825329,380.605548,477.709437,247.565212,166.246072,120.037057,66.498304,126.026409,189.943020,257.039146,346.043709,427.001016,229.781945,147.050018,82.499266,0.000000,119.664584,196.395852,298.891847,382.375425,461.015703,252.790899,172.114919,129.534136,102.928720,170.160663,223.818130,323.074323,379.634505,471.918763,293.011837,251.410537,191.543193,203.126446,210.996788,301.337512,338.721355,446.209585,532.370306,372.738074,283.511619,284.139399,274.030054,318.651016,331.026484,415.572484,484.957531
49,592.854211,536.301674,500.636688,463.898646,455.464994,422.981736,435.747753,491.985641,516.834869,515.546682,462.489325,444.951695,359.752088,335.763141,355.366406,386.077864,413.644701,439.385130,465.694711,405.627306,331.720863,280.948586,258.160776,261.053395,293.756865,345.246292,387.966658,429.144598,364.855966,259.797190,208.883866,157.872377,178.326639,206.092532,288.395104,383.555779,366.783623,285.448125,228.942104,123.766470,86.361655,95.764129,164.087193,239.521946,316.909668,348.012359,262.699349,191.223212,119.664584,0.000000,79.987857,182.704498,263.622179,344.692523,351.709320,265.094075,211.169085,128.334312,98.644645,107.666271,204.469571,260.044271,352.516952,372.478973,321.175185,242.107735,194.687940,140.988462,209.716297,229.763420,331.346274,414.676867,436.419035,325.968757,293.650003,262.941748,259.146143,248.837564,315.864710,380.081129
50,641.116535,579.187607,531.836650,481.733206,461.634607,410.437890,404.641482,455.449043,466.878093,571.519613,509.310413,483.175432,381.196335,340.719339,343.483363,352.215043,369.789724,381.840912,526.362538,463.398049,374.316377,313.836978,270.729802,239.987307,254.317635,284.688004,321.562066,499.250754,428.424546,316.768401,254.595868,178.569426,147.015584,158.245350,218.932526,310.956389,440.469515,359.536999,295.822237,183.539689,112.930340,55.694089,102.505415,162.088367,237.478137,426.077514,341.734505,270.946195,196.395852,79.987857,0.000000,102.961320,186.389114,265.169153,431.190869,344.357735,289.806988,202.580808,136.534522,71.137080,141.761935,189.466537,282.463560,448.509518,395.615630,313.869856,249.115802,166.100787,198.345252,190.089907,275.056836,350.283221,507.409754,392.223161,348.201802,309.508333,274.232306,243.798198,284.862957,339.319967
51,718.741022,652.349232,594.171593,531.312853,498.902751,427.373190,396.635490,436.932238,426.683938,656.980271,587.243831,553.509777,438.234385,382.568954,365.375063,343.463246,344.290715,331.932621,616.284894,551.558002,451.408061,384.819958,325.776412,260.742718,246.681886,235.321972,257.074706,596.775154,521.566805,406.794344,338.746755,250.951322,174.568375,156.744007,155.789055,232.463355,540.653452,460.239975,392.788191,279.477660,200.422132,123.762391,100.104545,79.432471,139.658156,528.673142,444.657743,373.859391,298.891847,182.704498,102.961320,0.000000,88.334864,162.237299,532.393696,445.363853,390.186629,300.008021,216.227219,118.177830,94.084469,108.826354,195.887078,545.109309,490.734772,407.161161,329.160292,230.732208,218.969661,172.528102,214.877255,271.278385,597.822232,478.813816,424.111787,379.176900,314.239874,264.295613,264.980525,299.661241
52,805.295581,737.902900,676.581655,609.325354,571.875277,491.336332,446.232529,477.516350,449.556355,744.992433,674.084212,638.586504,519.928404,459.416982,433.646420,394.813151,383.499671,350.286534,704.615001,639.840266,538.410752,470.866717,408.278157,332.582878,304.745669,262.571964,265.612622,684.153229,609.769289,495.122131,426.934644,338.266001,254.314873,227.461177,181.838674,224.851114,626.705065,545.878455,480.205576,366.977718,288.662443,212.096190,179.984358,109.358609,106.994847,611.594266,526.194598,454.002149,382.375425,263.622179,186.389114,88.334864,0.000000,89.489783,606.387263,519.503298,463.682065,370.843843,275.840964,176.945533,94.092607,50.180672,112.297562,611.382319,555.575019,471.012284,382.204791,278.176567,234.860347,165.896848,155.972617,190.934406,655.673147,534.014882,470.029099,420.998056,334.843553,273.691683,239.114636,252.259034
53,854.562785,784.071744,714.865186,639.373631,593.901146,502.076867,440.640945,460.682873,415.408823,802.111032,725.263456,684.081128,558.602831,490.199291,452.058894,393.442058,369.151240,316.474749,766.421909,700.533991,591.386901,521.243405,450.917476,360.213940,316.654858,245.320824,229.210414,754.481171,675.578917,559.299833,487.930580,395.513039,298.166148,261.377277,177.295814,177.735450,700.891493,621.046744,550.998779,438.063912,356.566405,279.500250,230.516126,136.131524,70.571609,690.784330,606.892338,535.915376,461.015703,344.692523,265.169153,162.237299,89.489783,0.000000,692.223236,605.180329,549.567599,457.550598,364.675182,265.156651,182.280390,126.931974,122.101025,699.739835,644.166215,559.679713,471.688450,367.653534,320.241526,247.090112,202.050719,193.177674,745.102959,623.496871,559.157540,509.775853,419.756093,356.164061,305.588710,300.024645
54,534.991833,521.153706,550.609084,577.421497,611.736668,641.855030,699.468515,762.513088,816.476307,431.061849,448.714658,479.944932,492.702610,528.252443,586.653997,662.443746,707.901328,758.737494,366.183667,351.129878,395.494281,410.734189,460.264239,535.429901,594.010132,674.610780,724.490435,267.011744,292.707878,305.499174,345.252122,399.956670,490.460969,531.605227,631.981891,728.957270,200.738901,187.510152,251.696685,308.894921,378.816754,438.328205,507.212193,590.743555,668.576350,128.137611,127.417954,170.428549,252.790899,351.709320,431.190869,532.393696,606.387263,692.223236,0.000000,87.063623,142.719552,235.933069,337.560028,430.672356,528.202110,590.377508,675.761722,83.175909,102.805351,159.773817,264.833194,354.304814,445.547257,511.294384,625.815808,720.235011,175.477673,181.039950,254.374728,290.326538,401.259621,450.713956,555.543151,630.160202
55,536.174651,510.157994,524.219668,537.075535,563.108040,581.044323,630.858351,693.335430,741.859709,434.911132,433.534344,453.833193,444.290804,469.231143,522.071712,590.876933,633.476411,679.770156,370.296917,340.015323,356.164004,357.609927,396.289439,461.844404,517.155097,593.229188,641.872945,283.353177,280.392152,259.612129,284.019349,325.806803,410.076915,449.834252,547.625667,644.381512,208.849996,161.202559,200.590093,233.204246,297.202253,353.258688,422.499349,504.433629,581.812190,145.711292,86.719662,92.855139,172.114919,265.094075,344.357735,445.363853,519.503298,605.180329,87.063623,0.000000,55.902591,149.618861,252.736949,344.156012,442.338765,504.297503,590.638178,123.447504,95.156420,96.521229,192.473848,272.824075,366.528294,429.021778,543.592869,637.347682,211.353337,159.446917,209.504870,233.172496,333.208147,376.303309,479.306927,553.878412
56,550.831733,517.526999,521.092586,523.789237,543.281830,551.386620,594.343812,656.046908,699.696696,452.779001,439.518364,452.033333,426.195233,442.167092,489.744414,551.993885,591.841214,633.793513,389.759702,351.050810,347.040960,337.466839,365.995374,421.952366,473.776793,545.091929,592.358354,312.350657,292.989185,249.021747,258.914580,286.946620,363.714415,401.752092,496.362080,592.730297,237.420690,173.944596,189.397947,194.836117,250.367872,301.575218,371.070398,450.687020,527.258162,184.292904,105.276649,65.707638,129.534136,211.169085,289.806988,390.186629,463.682065,549.567599,142.719552,55.902591,0.000000,93.805303,197.565507,288.254306,386.556757,448.451654,535.082408,165.483917,121.890760,76.337114,149.109405,219.882171,314.832932,375.028157,489.473507,582.800618,243.243943,162.949713,189.630368,201.592309,289.948273,327.821351,429.020375,503.331417
57,592.548282,548.942257,535.781056,521.220519,528.559538,517.929781,546.432491,605.741963,638.901777,501.195110,470.892686,470.823216,418.091526,416.624942,452.372371,499.829725,533.269421,565.358516,442.098339,393.120657,358.261935,329.846796,337.047815,370.395556,413.181682,472.550928,516.194252,379.333368,340.114142,265.223416,247.947519,243.813705,298.587450,331.358046,416.662318,511.437883,307.054886,231.483793,212.422255,162.989721,189.151387,223.590972,292.381830,364.664702,438.609623,266.227694,179.539723,109.588429,102.928720,128.334312,202.580808,300.008021,370.843843,457.550598,235.933069,149.618861,93.805303,0.000000,104.873573,194.743819,292.751518,354.679153,441.396429,245.957153,193.309662,114.010222,100.249385,132.922012,229.058446,283.943441,397.881350,490.414574,308.198609,200.885682,185.051228,171.205801,224.393825,249.046543,344.950040,418.229560
58,668.130803,616.989027,589.579631,558.863637,553.201306,521.289593,530.145737,584.483261,601.935356,583.308364,540.758557,530.193775,454.311312,434.002014,453.612105,479.278484,502.303437,518.278346,528.013818,473.230701,415.864521,372.020485,355.823433,357.318933,384.009831,421.221254,457.202112,475.121519,425.271776,333.261137,294.860688,255.509020,270.274966,290.902725,353.935928,442.951845,405.304376,326.458889,290.197648,204.694176,184.859022,179.415722,238.623162,289.954055,355.466684,369.559636,282.126271,209.577017,170.160663,98.644645,136.534522,216.227219,275.840964,364.675182,337.560028,252.736949,197.565507,104.873573,0.000000,100.036487,191.552769,254.103971,338.202299,335.784430,279.783570,195.196039,113.992093,44.006256,131.554375,179.431818,293.070278,385.573664,382.218735,262.594023,212.092163,173.228376,161.645469,161.708619,246.911891,318.277660
59,697.587868,638.663149,596.435223,550.187777,532.058137,481.411047,472.665305,521.476325,526.361938,622.483616,566.440551,544.732771,448.422540,411.025756,414.556926,419.785531,433.445042,436.827594,573.282338,512.797519,433.345845,376.883583,339.437192,310.728100,321.143796,338.841172,368.775337,535.476680,472.520946,366.498897,311.151947,244.010027,217.431491,224.161733,265.256087,349.134244,471.159762,389.937463,336.512011,230.284072,173.731639,126.821236,164.340266,195.175891,256.238289,446.358242,359.118232,285.580602,223.818130,107.666271,71.137080,118.177830,176.945533,265.156651,430.672356,344.156012,288.254306,194.743819,100.036487,0.000000,100.605488,160.895099,250.641864,434.608117,379.018519,294.569391,211.384418,113.020168,127.457991,125.019928,223.716582,308.560839,482.148816,361.964212,305.951740,261.567844,208.749662,173.292580,216.886089,276.048301
60,782.772049,720.184255,669.524079,613.226615,585.556417,519.010234,490.707568,530.636747,516.705298,712.870470,650.929727,623.378039,516.025711,466.861418,455.614473,437.513084,437.644076,419.956419,666.498831,604.278513,515.694670,453.689429,403.721045,350.155248,340.422105,325.318802,340.393961,633.608903,567.220089,457.507553,396.357456,317.774338,259.845094,248.429522,243.898300,307.227133,570.639510,489.315412,432.448006,322.550465,254.648469,187.700237,188.636935,164.702204,195.459010,546.953257,459.722201,386.171994,323.074323,204.469571,141.761935,94.084469,94.092607,182.280390,528.202110,442.338765,386.556757,292.751518,191.552769,100.605488,0.000000,62.599483,150.044995,526.376673,469.962693,385.490438,292.009855,187.447965,141.863539,80.813985,133.808198,210.507264,565.766009,443.534164,377.091367,327.503572,241.731598,183.009036,170.949820,208.511356
61,824.420855,759.246598,702.723169,640.005586,606.357979,530.660322,490.682928,524.295180,498.960621,759.100702,692.635961,660.891266,546.974023,490.984633,470.701840,438.563112,430.274445,399.891406,715.413628,651.888966,556.773128,491.619689,434.454144,367.321215,345.760138,310.786416,315.615056,687.741104,617.882070,505.601449,440.801314,356.489545,283.221805,262.191751,229.336493,274.949026,626.766831,545.451666,484.919814,372.996396,299.523162,226.353691,208.483261,153.460140,156.585565,605.950432,519.127483,445.818227,379.634505,260.044271,189.466537,108.826354,50.180672,126.931974,590.377508,504.297503,448.451654,354.679153,254.103971,160.895099,62.599483,0.000000,93.047496,588.942463,532.500959,448.054609,353.747058,249.232354,193.635133,120.321667,110.486703,163.681121,627.332217,504.938806,436.616564,386.202212,292.901212,229.332323,189.007939,204.048144
62,914.543624,848.200603,788.445003,721.613554,683.556925,600.605165,549.479099,575.244818,535.674942,851.054078,782.957062,749.237160,631.911653,571.681584,544.485732,499.559949,482.077800,436.217318,808.073809,744.293098,647.080273,580.704221,519.999166,444.461433,413.380608,358.322680,348.928885,780.700944,710.835081,598.216586,532.593779,446.573873,366.386099,339.541849,282.203842,299.133744,719.297574,637.957745,577.964482,466.003159,391.809091,317.472986,291.797897,218.045507,184.338938,696.945434,609.758968,536.216645,471.918763,352.516952,282.463560,195.887078,112.297562,122.101025,675.761722,590.638178,535.082408,441.396429,338.202299,250.641864,150.044995,93.047496,0.000000,668.715247,611.982430,528.341092,429.124671,326.458408,253.268715,176.006949,89.263987,79.448977,699.882253,577.490774,503.465041,451.550426,345.325689,277.714081,202.754731,182.139317
63,618.157781,603.425875,629.800373,651.681542,681.930771,703.856559,754.247751,816.660302,863.828442,514.236732,530.187805,559.017619,562.736869,591.520930,645.387990,713.897392,755.638018,799.219184,449.345683,432.948477,469.551304,477.730244,519.442669,584.522753,638.392703,710.468878,757.249408,349.976594,374.020857,375.902326,406.414479,448.609950,529.130390,567.182748,660.100801,755.887876,283.766888,263.884792,318.774297,355.912424,415.787242,465.423840,534.928958,610.568078,684.231011,211.178509,195.745623,216.109997,293.011837,372.478973,448.509518,545.109309,611.382319,699.739835,83.175909,123.447504,165.483917,245.957153,335.784430,434.608117,526.376673,588.942463,668.715247,0.000000,56.748682,140.887871,241.462361,342.259747,425.182322,497.039160,609.740363,705.046465,94.212354,118.046090,201.439178,246.361176,364.629493,421.867063,527.639392,601.269411
64,622.517441,600.906772,618.529214,632.178259,657.288050,671.333715,716.162992,777.925459,820.909757,519.668178,525.246654,547.977086,538.729334,560.751034,610.630739,673.866433,713.276962,753.063424,454.549985,430.026595,451.314587,451.436638,485.975983,543.785423,594.751592,662.590175,708.013737,360.525273,370.297994,354.703535,375.948558,408.829526,483.360405,519.812498,609.513203,704.648514,289.131781,253.341259,295.507315,316.602169,370.268003,415.431467,484.725156,557.663828,630.150029,218.737439,179.844027,181.121841,251.410537,321.175185,395.615630,490.734772,555.575019,644.166215,102.805351,95.156420,121.890760,193.309662,279.783570,379.018519,469.962693,532.500959,611.982430,56.748682,0.000000,84.598787,184.933672,285.524320,368.814291,440.354461,553.203762,648.496740,121.363936,78.419276,153.838573,194.629664,311.074600,366.660262,472.464830,546.388801
65,624.699799,593.181752,597.361948,598.352739,615.372472,617.416645,653.705545,714.203170,751.121270,525.323665,515.322372,528.364869,499.420138,510.677661,553.909517,608.826598,644.679464,679.061428,461.494442,425.663622,422.869461,410.327620,432.835990,478.671957,524.944798,586.543376,630.072236,378.482927,366.981275,324.910191,330.232991,347.010868,411.213704,445.072903,530.076013,624.237228,303.553761,247.091177,265.456401,257.979606,299.805155,337.566202,406.191417,475.541936,546.746294,242.208059,174.683246,141.311354,191.543193,242.107735,313.869856,407.161161,471.012284,559.679713,159.773817,96.521229,76.337114,114.010222,195.196039,294.569391,385.490438,448.054609,528.341092,140.887871,84.598787,0.000000,105.647162,202.113317,288.733181,358.158895,471.832564,566.960217,194.321978,91.974232,115.478224,136.805646,241.927414,291.267915,396.488604,471.009674
66,687.514673,646.709438,635.860314,620.881513,626.154914,609.300802,629.450703,686.434678,710.330446,593.300408,568.447403,570.482815,517.358519,511.957943,542.588589,580.417390,608.118801,629.460436,532.172460,487.210514,458.317374,429.534956,432.187143,453.758100,488.384957,533.109675,570.567356,460.278318,431.906625,364.415752,347.755703,335.457676,373.005824,398.756420,467.534365,556.943665,385.685907,317.067515,309.831518,261.048212,272.819766,286.667972,349.924599,403.842287,467.603682,332.979424,253.467896,195.288898,203.126446,194.687940,249.115802,329.160292,382.204791,471.688450,264.833194,192.473848,149.109405,100.249385,113.992093,211.384418,292.009855,353.747058,429.124671,241.462361,184.933672,105.647162,0.000000,104.565004,183.985547,255.822483,368.283636,463.586066,273.778700,151.811168,99.633927,72.205527,141.207438,185.882973,290.881460,365.440067
67,710.006142,659.872646,633.459868,602.732501,596.328812,561.994886,567.074088,619.952308,632.828584,623.763858,583.336784,573.759287,498.204730,476.751484,494.271346,515.505402,535.629359,546.212713,567.389630,513.957570,459.408351,416.025233,398.960635,396.138719,418.855916,448.442795,480.841835,510.586502,464.652529,375.590670,338.704631,298.618590,306.960700,323.866922,377.209747,462.153979,439.255525,362.023772,330.737597,248.431866,227.337560,214.465574,268.304823,308.195971,366.848617,398.824778,312.437646,241.925414,210.996788,140.988462,166.100787,230.732208,278.176567,367.653534,354.304814,272.824075,219.882171,132.922012,44.006256,113.020168,187.447965,249.232354,326.458408,342.259747,285.524320,202.113317,104.565004,0.000000,96.144585,157.044041,271.513707,366.098933,378.321826,256.168152,193.945931,148.555326,118.210584,120.114663,212.056819,285.351248
68,797.358890,743.871000,710.349291,670.907324,656.645150,608.780417,598.683953,645.730636,644.074208,714.221494,668.668505,654.146301,567.564684,535.599173,541.801597,545.559703,555.879502,550.621372,659.450592,604.011311,540.398069,490.578105,461.621025,438.179725,446.685255,453.422459,475.577146,605.777330,556.732387,462.238909,417.806357,363.189843,344.883321,349.726880,374.739094,446.580909,534.972301,457.094583,421.296844,329.655398,290.834484,253.853859,288.731120,297.567270,337.192370,494.907319,408.581971,337.848964,301.337512,209.716297,198.345252,218.969661,234.860347,320.241526,445.547257,366.528294,314.832932,229.058446,131.554375,127.457991,141.863539,193.635133,253.268715,425.182322,368.814291,288.733181,183.985547,96.144585,0.000000,77.506344,185.015383,280.271043,448.224790,326.451730,250.313097,198.300955,99.990043,46.523565,116.079584,189.220774
69,822.046722,763.635133,720.799021,671.727447,649.542495,589.875760,567.413497,609.283027,597.378921,745.162799,691.126492,669.713239,571.229060,529.164527,524.826252,514.064461,516.810654,500.765837,694.185159,635.099032,558.334420,501.578003,460.738474,419.261273,415.960206,405.923937,420.979268,649.913608,592.421264,489.552091,436.012796,367.723491,326.555867,321.404241,324.643602,386.465497,582.143467,502.003807,455.872829,353.496641,298.448497,243.759609,260.097912,245.478266,271.868826,548.890658,461.349573,388.379992,338.721355,229.763420,190.089907,172.528102,165.896848,247.090112,511.294384,429.021778,375.028157,283.943441,179.431818,125.019928,80.813985,120.321667,176.006949,497.039160,440.354461,358.158895,255.822483,157.044041,77.506344,0.000000,114.592623,209.073561,524.313577,402.112137,327.466180,275.606899,173.911499,109.078959,96.262657,151.043352
70,916.147216,853.945150,802.865193,744.501549,713.722415,640.526149,600.976219,633.446917,603.727419,844.641764,784.360666,757.182325,648.698847,596.694558,579.747746,548.976724,539.417600,504.102059,796.646626,735.446590,649.315038,587.487110,536.169921,475.529555,456.153936,418.391589,418.003680,758.252547,696.180442,588.768295,529.398049,451.563992,388.617111,370.950085,337.808427,372.514611,692.245435,611.456158,560.227919,452.910894,387.967853,321.310480,314.805011,263.550209,253.500933,661.725377,574.055334,500.703263,446.209585,331.346274,275.056836,214.877255,155.972617,202.050719,625.815808,543.592869,489.473507,397.881350,293.070278,223.716582,133.808198,110.486703,89.263987,609.740363,553.203762,471.832564,368.283636,271.513707,185.015383,114.592623,0.000000,95.315490,632.211040,510.992531,432.674944,380.378012,267.550790,199.970742,114.487880,98.729638
71,988.037418,922.902409,865.306292,799.968100,762.710677,680.035232,627.866598,652.011794,608.508893,921.588243,856.224035,824.440514,709.078699,650.180285,623.870357,578.347660,559.341583,509.652422,876.467443,813.680843,720.384786,655.267532,596.820872,523.486502,492.795131,435.330296,422.379091,843.727437,777.610990,667.032850,603.694572,520.162685,443.962854,418.395476,360.660335,370.519015,779.680123,698.488964,642.953148,532.759263,462.025663,389.897570,369.145360,297.492343,260.001886,752.291765,664.623785,591.021487,532.370306,414.676867,350.283221,271.278385,190.934406,193.177674,720.235011,637.347682,582.800618,490.414574,385.573664,308.560839,210.507264,163.681121,79.448977,705.046465,648.496740,566.960217,463.586066,366.098933,280.271043,209.073561,95.315490,0.000000,726.801214,605.899708,526.834197,474.568764,359.755582,292.883324,197.610510,149.129744
72,709.179631,696.630989,724.011909,745.050193,773.801330,791.646768,837.518930,899.287625,941.560712,605.119009,623.932726,653.229628,654.741825,680.354373,731.526719,795.169342,834.147982,872.146909,540.562161,526.490732,563.036438,568.728655,606.458551,665.044804,715.287561,780.434635,824.371766,439.494258,467.801259,468.532275,495.197716,530.189420,603.062829,638.370695,724.335229,818.186214,375.874552,358.026747,410.600739,437.953906,490.354717,531.785444,600.505938,668.430017,737.395901,303.358754,288.953283,301.399873,372.738074,436.419035,507.409754,597.822232,655.673147,745.102959,175.477673,211.353337,243.243943,308.198609,382.218735,482.148816,565.766009,627.332217,699.882253,94.212354,121.363936,194.321978,273.778700,378.321826,448.224790,524.313577,632.211040,726.801214,0.000000,122.537830,200.617621,252.576909,370.950954,435.123031,538.355381,608.957546
73,694.968498,669.534165,680.673143,686.600152,705.838888,709.382304,744.957639,805.124558,839.783402,592.996698,592.704875,610.779103,589.082711,602.365199,645.857915,699.512921,734.061950,765.188653,528.067817,499.459953,508.730803,500.239893,524.720317,569.536399,614.026373,671.150262,712.458145,436.542460,439.820915,410.798401,420.944172,438.719108,499.456568,531.396599,610.827719,702.958069,363.886347,320.554821,350.974685,349.953818,389.472381,421.673227,488.940261,551.396236,618.002394,294.981614,246.040434,228.527617,283.511619,325.968757,392.223161,478.813816,534.014882,623.496871,181.039950,159.446917,162.949713,200.885682,262.594023,361.964212,443.534164,504.938806,577.490774,118.046090,78.419276,91.974232,151.811168,256.168152,326.451730,402.112137,510.992531,605.899708,122.537830,0.000000,85.194569,134.317156,254.087064,315.849138,420.504907,492.643124
74,739.942172,707.030371,707.013626,701.377654,712.362039,702.589007,726.884252,784.586297,809.861861,640.790324,628.925913,639.017529,599.742314,601.590248,636.615622,678.493175,707.288461,729.029581,576.967253,540.535003,530.655487,510.726178,522.070753,550.827338,587.387259,632.540370,669.292323,492.808558,482.125460,433.488386,428.992742,428.254612,471.910236,498.328565,566.010062,654.103940,418.121750,362.394618,375.123847,347.412162,369.121881,386.268754,449.413300,500.430886,560.793641,354.385728,290.150135,251.647166,284.139399,293.650003,348.201802,424.111787,470.029099,559.157540,254.374728,209.504870,189.630368,185.051228,212.092163,305.951740,377.091367,436.616564,503.465041,201.439178,153.838573,115.478224,99.633927,193.945931,250.313097,327.466180,432.674944,526.834197,200.617621,85.194569,0.000000,52.297051,170.575327,234.590291,337.850593,409.049655
75,750.159902,712.439869,705.209648,692.409350,698.326070,680.831575,698.666235,754.748887,775.009574,653.596529,634.094227,638.950909,589.121259,584.116578,613.928435,648.945455,674.503836,691.348989,591.061568,549.757968,527.745730,501.032797,504.348710,523.527619,555.413161,594.075204,628.450617,512.844592,492.887888,432.568278,419.149142,407.318193,440.530195,463.659171,524.856793,610.691410,437.767286,375.072227,376.395750,333.075943,343.537410,351.706538,411.804857,456.737759,514.102548,378.649171,306.416187,256.961311,274.030054,262.941748,309.508333,379.176900,420.998056,509.775853,290.326538,233.172496,201.592309,171.205801,173.228376,261.567844,327.503572,386.202212,451.550426,246.361176,194.629664,136.805646,72.205527,148.555326,198.300955,275.606899,380.378012,474.568764,252.576909,134.317156,52.297051,0.000000,119.773914,182.553663,286.444059,358.333095
76,816.123735,769.824728,748.265426,720.314941,714.538677,678.523382,678.820305,729.350595,734.647102,725.582945,692.348631,686.819168,615.722207,594.888278,610.829819,626.447280,642.088546,643.528549,666.310178,617.270409,572.618708,532.457520,517.171169,510.924885,528.398943,545.704001,571.263452,599.230160,564.488550,484.794504,453.752154,416.828997,419.804919,431.808598,469.058295,544.591893,525.140609,453.616009,435.361175,363.301426,345.455580,326.736845,372.888143,393.581479,436.818898,474.087265,393.331732,330.733573,318.651016,259.146143,274.232306,314.239874,334.843553,419.756093,401.259621,333.208147,289.948273,224.393825,161.645469,208.749662,241.731598,292.901212,345.325689,364.629493,311.074600,241.927414,141.207438,118.210584,99.990043,173.911499,267.550790,359.755582,370.950954,254.087064,170.575327,119.773914,0.000000,67.823864,167.431430,238.608120
77,829.747654,778.533239,748.589260,712.172119,699.860490,654.121284,645.108681,692.254199,690.093968,743.878254,702.443858,690.731841,608.330961,578.939859,586.972338,592.009559,602.356412,596.193724,687.342212,634.059613,576.554180,529.441694,503.964643,483.781706,493.146812,499.217127,520.226734,628.362291,584.633350,494.964787,454.630228,404.729609,390.641840,396.167896,420.059109,489.743150,555.967076,480.246777,450.842063,365.202284,332.228849,299.064017,335.228305,342.345875,378.176261,511.110429,426.623424,358.602199,331.026484,248.837564,243.798198,264.295613,273.691683,356.164061,450.713956,376.303309,327.821351,249.046543,161.708619,173.292580,183.009036,229.332323,277.714081,421.867063,366.660262,291.267915,185.882973,120.114663,46.523565,109.078959,199.970742,292.883324,435.123031,315.849138,234.590291,182.553663,67.823864,0.000000,105.805724,179.935222
78,908.109485,852.147070,813.014057,766.486262,745.477802,685.977991,661.453720,701.485899,684.406014,827.379090,778.212757,759.943644,665.202453,624.929521,621.056102,608.194128,608.305729,586.259784,773.734934,717.080090,647.335673,593.192379,555.510792,515.470502,510.620920,493.843218,503.491130,721.737290,671.152014,573.559941,524.525318,460.895603,422.817965,416.908697,411.934649,463.952276,651.050334,573.043073,535.136488,438.866165,390.281031,339.277960,355.835501,333.010791,345.409390,610.397144,524.388407,453.906856,415.572484,315.864710,284.862957,264.980525,239.114636,305.588710,555.543151,479.306927,429.020375,344.950040,246.911891,216.886089,170.949820,189.007939,202.754731,527.639392,472.464830,396.488604,290.881460,212.056819,116.079584,96.262657,114.487880,197.610510,538.355381,420.504907,337.850593,286.444059,167.431430,105.805724,0.000000,74.650701
79,972.809218,914.677265,871.029558,819.387606,793.730245,726.861271,693.220311,728.230616,701.459278,894.679790,842.042964,820.639523,720.172606,674.469145,663.979436,640.609118,634.235874,601.952271,842.436106,784.453444,709.377687,652.217000,608.776771,558.608839,545.562650,514.642194,516.213646,793.369095,740.158667,639.583018,587.029772,517.739053,468.207874,456.092453,433.357780,471.202626,723.400281,644.728712,603.730859,503.826434,449.217030,391.236707,397.004488,357.077402,352.090342,684.119493,597.768311,526.696892,484.957531,380.081129,339.319967,299.661241,252.259034,300.024645,630.160202,553.878412,503.331417,418.229560,318.277660,276.048301,208.511356,204.048144,182.139317,601.269411,546.388801,471.009674,365.440067,285.351248,189.220774,151.043352,98.729638,149.129744,608.957546,492.643124,409.049655,358.333095,238.608120,179.935222,74.650701,0.000000
