source_id,target_id,distance
0,1,75.405634
0,2,146.749277
0,3,225.309274
0,4,276.549459
0,5,354.713816
0,6,423.850618
0,7,505.940000
0,8,610.627905
0,9,683.392564
0,10,75.257965
0,11,123.054296
0,12,174.993852
0,13,241.852404
0,14,299.625251
0,15,412.024778
0,16,465.244067
0,17,555.262693
0,18,630.815506
0,19,672.988342
0,20,182.434834
0,21,199.860280
0,22,251.428048
0,23,276.902147
0,24,356.029801
0,25,439.577129
0,26,467.701434
0,27,571.918318
0,28,640.647994
0,29,690.439339
0,30,233.542475
0,31,251.708320
0,32,311.213717
0,33,348.862042
0,34,395.756096
0,35,459.051749
0,36,525.936303
0,37,600.252397
0,38,660.798452
0,39,728.253616
0,40,318.095887
0,41,306.720496
0,42,372.150258
0,43,392.001026
0,44,423.908379
0,45,496.130141
0,46,553.814589
0,47,610.953908
0,48,681.006024
0,49,771.136346
0,50,411.722482
0,51,412.719199
0,52,433.470736
0,53,447.281383
0,54,490.621284
0,55,546.491927
0,56,617.535361
0,57,673.319482
0,58,754.949759
0,59,808.031226
0,60,463.323245
0,61,469.773906
0,62,522.453864
0,63,555.807722
0,64,593.635353
0,65,638.178168
0,66,687.410885
0,67,731.056403
0,68,809.935809
0,69,869.287560
0,70,517.746358
0,71,545.352973
0,72,550.212233
0,73,581.547106
0,74,609.178722
0,75,661.840098
0,76,729.000426
0,77,799.616835
0,78,843.560418
0,79,923.382110
0,80,591.719211
0,81,611.570288
0,82,660.620419
0,83,658.742738
0,84,706.884678
0,85,757.317613
0,86,795.897089
0,87,847.092443
0,88,895.392722
0,89,942.813172
0,90,703.561491
0,91,700.974057
0,92,708.892998
0,93,721.892191
0,94,756.917320
0,95,792.238038
0,96,845.189164
0,97,886.446757
0,98,964.935609
0,99,1022.175290
1,2,78.255823
1,3,154.991067
1,4,202.413244
1,5,281.741500
1,6,352.468286
1,7,432.711415
1,8,537.224311
1,9,611.031949
1,10,84.759242
1,11,68.608824
1,12,106.058341
1,13,166.461486
1,14,224.294470
1,15,336.686770
1,16,390.563214
1,17,480.365206
1,18,556.306841
1,19,598.336594
1,20,165.961422
1,21,156.281433
1,22,187.424571
1,23,205.410686
1,24,283.211745
1,25,365.307110
1,26,392.401004
1,27,496.517773
1,28,565.244573
1,29,615.249964
1,30,216.266007
1,31,214.570168
1,32,254.981858
1,33,282.084670
1,34,324.464918
1,35,387.622068
1,36,451.753149
1,37,526.100319
1,38,585.510664
1,39,652.914304
1,40,295.266917
1,41,272.959712
1,42,324.127061
1,43,336.692296
1,44,358.969701
1,45,427.482254
1,46,483.366810
1,47,537.941320
1,48,607.218296
1,49,696.233823
1,50,393.315691
1,51,383.253056
1,52,386.572065
1,53,391.597564
1,54,430.428478
1,55,481.268140
1,56,547.819619
1,57,601.635423
1,58,682.441716
1,59,734.672268
1,60,441.786505
1,61,441.009225
1,62,478.657318
1,63,503.085201
1,64,535.665452
1,65,577.027644
1,66,621.814013
1,67,661.440080
1,68,739.856935
1,69,797.269690
1,70,494.672052
1,71,511.875795
1,72,508.996038
1,73,533.099368
1,74,555.560536
1,75,601.867518
1,76,664.760034
1,77,734.387372
1,78,775.199822
1,79,853.095635
1,80,568.277044
1,81,581.189175
1,82,624.238669
1,83,612.709776
1,84,655.132807
1,85,701.492242
1,86,734.709383
1,87,783.498375
1,88,830.314118
1,89,874.731006
1,90,681.562839
1,91,669.753216
1,92,669.510571
1,93,678.063687
1,94,705.877919
1,95,738.752195
1,96,786.324557
1,97,825.192200
1,98,899.855349
1,99,955.559693
2,3,78.562687
2,4,133.264691
2,5,208.773305
2,6,277.109935
2,7,359.927290
2,8,464.669040
2,9,536.776015
2,10,160.243931
2,11,110.336953
2,12,102.617955
2,13,109.630392
2,14,162.844401
2,15,273.326701
2,16,321.933174
2,17,412.426828
2,18,486.563082
2,19,529.049322
2,20,219.856002
2,21,186.361296
2,22,179.520032
2,23,174.377992
2,24,242.273009
2,25,315.365453
2,26,334.040280
2,27,433.672745
2,28,503.124963
2,29,548.805229
2,30,265.043262
2,31,244.890594
2,32,255.634523
2,33,259.664864
2,34,287.574676
2,35,348.563651
2,36,400.987984
2,37,474.749861
2,38,525.971876
2,39,592.333040
2,40,334.535062
2,41,302.557358
2,42,333.328218
2,43,334.247221
2,44,337.531111
2,45,395.462173
2,46,445.530334
2,47,491.255845
2,48,556.916704
2,49,639.707318
2,50,432.977127
2,51,412.489190
2,52,394.818609
2,53,386.474833
2,54,416.358460
2,55,456.158749
2,56,511.135915
2,57,558.836778
2,58,636.437982
2,59,685.385476
2,60,477.296968
2,61,469.326237
2,62,488.496722
2,63,499.814338
2,64,523.339456
2,65,558.442747
2,66,593.946064
2,67,623.917389
2,68,700.591491
2,69,752.234773
2,70,527.560928
2,71,533.503498
2,72,521.489241
2,73,535.517250
2,74,549.960444
2,75,585.078532
2,76,639.242011
2,77,706.268448
2,78,739.959941
2,79,812.695443
2,80,599.536858
2,81,605.043016
2,82,640.695510
2,83,617.181013
2,84,650.963924
2,85,690.542777
2,86,714.352811
2,87,758.273188
2,88,801.854881
2,89,839.598781
2,90,712.814098
2,91,691.511783
2,92,681.792131
2,93,684.626849
2,94,702.192138
2,95,731.093550
2,96,769.621445
2,97,804.036930
2,98,871.011024
2,99,923.289231
3,4,62.920967
3,5,131.217672
3,6,198.547785
3,7,281.956555
3,8,386.665342
3,9,458.278864
3,10,232.318405
3,11,167.750378
3,12,131.566851
3,13,68.768790
3,14,101.132391
3,15,203.335825
3,16,246.610642
3,17,337.085444
3,18,409.870830
3,19,452.531215
3,20,271.669422
3,21,222.156436
3,22,181.808729
3,23,151.967989
3,24,199.165163
3,25,258.145935
3,26,267.684395
3,27,362.054716
3,28,431.639105
3,29,473.991948
3,30,309.808401
3,31,274.732033
3,32,256.468107
3,33,235.990917
3,34,245.892687
3,35,301.675321
3,36,340.741998
3,37,412.819159
3,38,456.416428
3,39,521.605431
3,40,367.217222
3,41,327.730697
3,42,337.061664
3,43,326.253725
3,44,309.729331
3,45,354.298403
3,46,397.153638
3,47,433.470862
3,48,495.070923
3,49,571.979033
3,50,462.728572
3,51,432.541369
3,52,394.728011
3,53,373.258250
3,54,392.907400
3,55,420.316316
3,56,462.657922
3,57,503.854345
3,58,577.774670
3,59,623.494621
3,60,501.800863
3,61,486.821653
3,62,486.999440
3,63,484.865470
3,64,498.767087
3,65,526.952201
3,66,552.784192
3,67,573.165278
3,68,647.535988
3,69,693.661546
3,70,548.344023
3,71,542.793435
3,72,521.856506
3,73,525.458496
3,74,531.567088
3,75,554.912915
3,76,599.766541
3,77,663.575414
3,78,690.304054
3,79,757.885871
3,80,617.397209
3,81,615.267796
3,82,642.867792
3,83,607.655806
3,84,632.298071
3,85,664.651006
3,86,679.019308
3,87,717.859975
3,88,758.047239
3,89,789.382867
3,90,729.168928
3,91,698.371204
3,92,679.168865
3,93,676.214246
3,94,683.332600
3,95,707.973102
3,96,737.280628
3,97,767.121796
3,98,826.387439
3,99,875.227588
4,5,81.138357
4,6,155.023496
4,7,230.695161
4,8,334.970729
4,9,409.758970
4,10,270.376973
4,11,196.193194
4,12,145.133553
4,13,50.220825
4,14,41.129901
4,15,141.261257
4,16,188.997814
4,17,279.370828
4,18,354.301388
4,19,396.568564
4,20,287.606601
4,21,227.771278
4,22,165.010386
4,23,119.150543
4,24,145.413003
4,25,196.347176
4,26,204.867194
4,27,301.017396
4,28,370.577379
4,29,415.567519
4,30,317.688991
4,31,271.689735
4,32,231.429727
4,33,193.742629
4,34,191.294358
4,35,243.332628
4,36,278.058312
4,37,349.931231
4,38,394.513128
4,39,460.213841
4,40,362.509736
4,41,318.236952
4,42,310.343424
4,43,291.271840
4,44,261.789987
4,45,298.007984
4,46,337.419827
4,47,371.030747
4,48,432.168311
4,49,509.602434
4,50,453.107300
4,51,415.663345
4,52,363.447905
4,53,333.279976
4,54,345.909410
4,55,365.969760
4,56,402.593771
4,57,441.855568
4,58,515.093146
4,59,560.578714
4,60,487.124193
4,61,466.822564
4,62,452.911278
4,63,441.817621
4,64,449.754091
4,65,473.955528
4,66,495.148817
4,67,512.105794
4,68,585.787807
4,69,630.945308
4,70,529.956963
4,71,515.668780
4,72,488.572626
4,73,485.061106
4,74,485.869947
4,75,502.414129
4,76,542.658053
4,77,604.991617
4,78,629.372211
4,79,695.691719
4,80,595.861081
4,81,587.972072
4,82,609.521488
4,83,566.786285
4,84,585.639296
4,85,613.779584
4,86,623.445447
4,87,660.027995
4,88,698.868898
4,89,728.192260
4,90,705.455270
4,91,667.875723
4,92,642.250622
4,93,635.531241
4,94,636.255708
4,95,658.386038
4,96,682.896665
4,97,710.609180
4,98,766.828840
4,99,814.548952
5,6,74.520378
5,7,151.235678
5,8,255.956771
5,9,329.353297
5,10,351.480645
5,11,277.076351
5,12,224.285081
5,13,128.482004
5,14,82.306461
5,15,91.877727
5,16,117.661890
5,17,207.310823
5,18,278.778129
5,19,321.500533
5,20,364.910679
5,21,301.949946
5,22,228.948881
5,23,174.445256
5,24,162.057959
5,25,173.175470
5,26,158.791632
5,27,237.843651
5,28,306.761889
5,29,344.349400
5,30,391.211036
5,31,340.030420
5,32,283.607310
5,33,226.917997
5,34,198.979730
5,35,234.031665
5,36,240.447189
5,37,305.687020
5,38,334.394670
5,39,397.137963
5,40,427.724621
5,41,380.847286
5,42,357.025110
5,43,328.477981
5,44,279.186246
5,45,292.548371
5,46,317.646772
5,47,333.632251
5,48,385.861514
5,49,451.703287
5,50,513.063585
5,51,469.741267
5,52,402.828607
5,53,361.312553
5,54,361.040683
5,55,363.426629
5,56,379.434964
5,57,406.949242
5,58,472.575096
5,59,512.136035
5,60,542.121452
5,61,516.872816
5,62,486.243578
5,63,461.401297
5,64,457.648632
5,65,472.116262
5,66,479.518779
5,67,482.043773
5,68,550.813801
5,69,586.960354
5,70,580.745321
5,71,556.922704
5,72,522.316273
5,73,508.195082
5,74,499.650551
5,75,501.260508
5,76,528.009106
5,77,584.517641
5,78,598.687240
5,79,656.660392
5,80,642.524834
5,81,628.022331
5,82,641.366402
5,83,587.746622
5,84,595.889851
5,85,614.777695
5,86,612.401415
5,87,641.615479
5,88,675.286018
5,89,695.397136
5,90,748.607149
5,91,702.955184
5,92,668.505545
5,93,655.892709
5,94,645.027661
5,95,661.706512
5,96,674.509631
5,97,695.941921
5,98,741.263255
5,99,783.835057
6,7,89.264591
6,8,191.352492
6,9,260.008938
6,10,424.692016
6,11,351.214116
6,12,298.805159
6,13,202.995858
6,14,154.732268
6,15,108.932346
6,16,86.435209
6,17,160.474419
6,18,221.584711
6,19,264.187081
6,20,439.169552
6,21,375.524936
6,22,299.763357
6,23,243.655015
6,24,215.126671
6,25,195.927286
6,26,159.656752
6,27,204.445508
6,28,268.553842
6,29,293.321180
6,30,464.358473
6,31,411.427962
6,32,348.475663
6,33,283.992271
6,34,242.691860
6,35,261.775730
6,36,240.378030
6,37,293.344779
6,38,300.422758
6,39,357.157331
6,40,497.271913
6,41,449.456567
6,42,417.586537
6,43,384.125022
6,44,323.964587
6,45,319.371522
6,46,330.380665
6,47,327.615218
6,48,367.599680
6,49,417.432470
6,50,579.454791
6,51,533.131328
6,52,458.222046
6,53,410.266961
6,54,400.957349
6,55,389.382309
6,56,386.141129
6,57,400.709045
6,58,456.212800
6,59,488.202782
6,60,605.517801
6,61,577.481586
6,62,536.333304
6,63,502.073423
6,64,489.362490
6,65,495.437118
6,66,490.362553
6,67,478.755204
6,68,541.017404
6,69,566.849309
6,70,641.337253
6,71,611.546144
6,72,572.205942
6,73,550.676899
6,74,535.162986
6,75,524.527605
6,76,538.705989
6,77,588.690559
6,78,592.530857
6,79,641.002717
6,80,700.072826
6,81,681.219387
6,82,688.646615
6,83,627.477384
6,84,627.061338
6,85,637.962465
6,86,624.969241
6,87,646.902915
6,88,675.154437
6,89,685.806099
6,90,803.172344
6,91,752.088282
6,92,711.399528
6,93,694.392703
6,94,674.359471
6,95,686.271475
6,96,688.657740
6,97,704.070793
6,98,738.446158
6,99,775.472142
7,8,104.741778
7,9,179.572807
7,10,500.002830
7,11,423.344195
7,12,367.205170
7,13,273.710178
7,14,218.347405
7,15,125.964336
7,16,61.598098
7,17,78.137218
7,18,132.323052
7,19,174.932543
7,20,501.526699
7,21,434.555993
7,22,351.670997
7,23,294.429169
7,24,243.501155
7,25,190.375668
7,26,136.777076
7,27,131.370877
7,28,187.505724
7,29,204.889311
7,30,520.212356
7,31,462.045699
7,32,385.981780
7,33,311.784145
7,34,255.752846
7,35,252.713212
7,36,200.586704
7,37,235.053148
7,38,221.611948
7,39,273.118893
7,40,541.346357
7,41,492.057062
7,42,444.960354
7,43,404.537369
7,44,331.596822
7,45,304.104433
7,46,297.436665
7,47,273.937705
7,48,300.053744
7,49,336.141608
7,50,614.853641
7,51,563.034637
7,52,475.743394
7,53,419.520639
7,54,397.939848
7,55,368.951073
7,56,343.345585
7,57,343.630867
7,58,388.108567
7,59,413.330832
7,60,634.293564
7,61,601.360689
7,62,543.574358
7,63,496.592405
7,64,472.396077
7,65,467.889838
7,66,448.558146
7,67,422.403764
7,68,477.254622
7,69,493.991555
7,70,664.236716
7,71,624.501061
7,72,578.385492
7,73,546.495070
7,74,521.886302
7,75,496.136914
7,76,495.566518
7,77,537.674196
7,78,531.346700
7,79,570.960629
7,80,716.740032
7,81,690.809641
7,82,688.944743
7,83,617.949636
7,84,606.251873
7,85,607.148081
7,86,582.253543
7,87,596.144583
7,88,618.634850
7,89,620.462848
7,90,813.625213
7,91,754.384169
7,92,704.996662
7,93,682.124600
7,94,650.457167
7,95,656.357566
7,96,646.741422
7,97,655.514700
7,98,678.723568
7,99,710.456181
8,9,80.370769
8,10,603.272412
8,11,525.818894
8,12,468.686660
8,13,376.671375
8,14,320.143828
8,15,217.716771
8,16,152.972216
8,17,83.919362
8,18,48.713558
8,19,81.953491
8,20,599.413283
8,21,531.341977
8,22,446.009370
8,23,389.502902
8,24,328.798577
8,25,257.854673
8,26,200.820662
8,27,127.279086
8,28,142.728097
8,29,123.294472
8,30,614.458123
8,31,553.885028
8,32,471.112813
8,33,393.076223
8,34,330.171654
8,35,309.390623
8,36,231.922037
8,37,233.172576
8,38,177.588033
8,39,206.972417
8,40,627.999617
8,41,578.410017
8,42,521.427538
8,43,476.841615
8,44,396.764993
8,45,350.001545
8,46,324.142589
8,47,274.360660
8,48,273.125615
8,49,274.613880
8,50,694.334939
8,51,639.018595
8,52,543.541031
8,53,482.033952
8,54,450.109724
8,55,404.713705
8,56,353.234083
8,57,331.928612
8,58,353.834431
8,59,363.962161
8,60,708.309526
8,61,671.835555
8,62,600.502166
8,63,542.457176
8,64,506.939067
8,65,490.372593
8,66,453.530588
8,67,407.021409
8,68,447.006396
8,69,446.061826
8,70,732.933941
8,71,685.014602
8,72,633.500053
8,73,592.195628
8,74,558.741317
8,75,516.480360
8,76,496.713233
8,77,525.967932
8,78,503.721253
8,79,526.540650
8,80,779.215941
8,81,747.078776
8,82,736.121545
8,83,656.282127
8,84,632.257865
8,85,621.048507
8,86,581.158574
8,87,583.142792
8,88,596.270735
8,89,583.471379
8,90,869.088125
8,91,802.559213
8,92,744.942747
8,93,716.139036
8,94,671.780325
8,95,670.214103
8,96,645.124553
8,97,644.340730
8,98,650.005445
8,99,672.398225
9,10,679.517476
9,11,602.895565
9,12,546.490033
9,13,453.282567
9,14,397.645991
9,15,297.637375
9,16,232.382370
9,17,162.036848
9,18,97.030065
9,19,92.618581
9,20,678.837093
9,21,611.007362
9,22,526.043059
9,23,469.375860
9,24,409.149648
9,25,336.903944
9,26,280.161072
9,27,195.891839
9,28,187.247108
9,29,135.762402
9,30,694.589088
9,31,634.197192
9,32,551.364350
9,33,473.124211
9,34,409.646250
9,35,385.786130
9,36,303.466559
9,37,291.650909
9,38,216.519815
9,39,221.650731
9,40,708.270409
9,41,658.680461
9,42,600.595330
9,43,555.380434
9,44,474.217258
9,45,422.842038
9,46,390.845571
9,47,331.424967
9,48,314.374668
9,49,287.217518
9,50,773.741878
9,51,717.878740
9,52,620.861515
9,53,558.307473
9,54,523.638691
9,55,473.124186
9,56,411.659929
9,57,379.503286
9,58,385.214359
9,59,382.562914
9,60,786.654343
9,61,749.434785
9,62,674.503155
9,63,613.012328
9,64,573.400514
9,65,551.718917
9,66,506.705481
9,67,449.429061
9,68,477.875692
9,69,462.734137
9,70,809.949712
9,71,759.797531
9,72,706.741304
9,73,662.305166
9,74,625.606370
9,75,576.406917
9,76,546.831248
9,77,567.674292
9,78,534.987358
9,79,544.023269
9,80,854.328136
9,81,820.244013
9,82,805.963325
9,83,722.958968
9,84,693.541386
9,85,676.311320
9,86,628.475050
9,87,622.946140
9,88,629.442729
9,89,605.860796
9,90,941.586754
9,91,872.508256
9,92,811.756711
9,93,780.499558
9,94,730.380790
9,95,724.916715
9,96,691.222889
9,97,684.405383
9,98,677.668227
9,99,692.450821
10,11,79.789964
10,12,139.374647
10,13,226.610793
10,14,283.753315
10,15,393.562397
10,16,452.632200
10,17,540.245309
10,18,617.950943
10,19,658.984717
10,20,107.352725
10,21,133.994309
10,22,201.260855
10,23,238.788630
10,24,318.976226
10,25,406.463227
10,26,442.079269
10,27,549.571121
10,28,616.488176
10,29,671.737921
10,30,158.299144
10,31,180.444022
10,32,250.198586
10,33,299.136096
10,34,353.636548
10,35,416.219994
10,36,491.309042
10,37,564.804075
10,38,633.243491
10,39,701.262752
10,40,242.947209
10,41,233.477066
10,42,304.087868
10,43,328.625672
10,44,370.039538
10,45,447.030687
10,46,507.643236
10,47,571.016847
10,48,643.413972
10,49,739.013303
10,50,336.535514
10,51,338.031392
10,52,364.180008
10,53,383.525429
10,54,430.436217
10,55,491.600508
10,56,569.339114
10,57,629.139703
10,58,712.575720
10,59,768.165861
10,60,388.067588
10,61,394.886611
10,62,451.209068
10,63,489.070746
10,64,530.619783
10,65,577.885573
10,66,632.082411
10,67,681.990174
10,68,761.437392
10,69,825.066784
10,70,442.489658
10,71,471.037933
10,72,477.898148
10,73,512.190139
10,74,542.762997
10,75,600.267485
10,76,671.718899
10,77,743.305903
10,78,791.747269
10,79,874.915580
10,80,516.461346
10,81,536.707750
10,82,586.708828
10,83,587.970238
10,84,638.909564
10,85,691.895017
10,86,734.970097
10,87,788.599285
10,88,838.573205
10,89,890.223517
10,90,628.336743
10,91,626.142338
10,92,635.656146
10,93,650.076266
10,94,688.386542
10,95,725.098992
10,96,781.946244
10,97,825.318224
10,98,907.933485
10,99,967.127903
11,12,59.586850
11,13,149.728984
11,14,205.706691
11,15,314.333995
11,16,374.322774
11,17,461.233388
11,18,539.189742
11,19,579.969728
11,20,109.525587
11,21,87.804363
11,22,128.632275
11,23,160.129121
11,24,240.420332
11,25,327.293382
11,26,362.291230
11,27,469.811303
11,28,536.700723
11,29,592.138633
11,30,155.872973
11,31,146.561006
11,32,189.768443
11,33,226.543232
11,34,276.932627
11,35,340.006905
11,36,412.574663
11,37,486.358188
11,38,553.606985
11,39,621.609161
11,40,230.334647
11,41,205.156573
11,42,256.216851
11,43,271.262431
11,44,300.943687
11,45,374.335572
11,46,433.272299
11,47,493.929315
11,48,565.639297
11,49,660.016291
11,50,328.957890
11,51,315.768803
11,52,318.563735
11,53,326.469952
11,54,368.096527
11,55,423.501058
11,56,496.232188
11,57,553.902604
11,58,636.601446
11,59,691.251398
11,60,376.068418
11,61,373.480211
11,62,410.305265
11,63,436.844796
11,64,471.969864
11,65,515.511420
11,66,564.424989
11,67,609.534632
11,68,688.679394
11,69,750.014153
11,70,428.296484
11,71,443.532097
11,72,440.452468
11,73,465.595851
11,74,489.727990
11,75,539.505347
11,76,605.948121
11,77,676.583177
11,78,721.251497
11,79,802.201115
11,80,501.600098
11,81,513.147172
11,82,555.655007
11,83,544.771863
11,84,588.688800
11,85,636.762229
11,86,673.281735
11,87,724.081949
11,88,772.346118
11,89,820.349082
11,90,615.017858
11,91,601.531145
11,92,600.926213
11,93,609.827266
11,94,639.232697
11,95,673.005971
11,96,723.321047
11,97,763.839848
11,98,841.886819
11,99,899.283104
12,13,95.829926
12,14,148.865916
12,15,255.508802
12,16,316.496476
12,17,402.548200
12,18,480.725862
12,19,521.230611
12,20,143.237885
12,21,90.833119
12,22,82.886156
12,23,102.323208
12,24,182.281260
12,25,268.300282
12,26,302.704842
12,27,410.281809
12,28,477.114130
12,29,532.790516
12,30,178.403826
12,31,146.007248
12,32,155.798025
12,33,176.026605
12,34,220.822562
12,35,284.115267
12,36,353.950385
12,37,427.953176
12,38,494.121375
12,39,562.107461
12,40,237.890399
12,41,202.105863
12,42,231.569110
12,43,236.460806
12,44,253.035927
12,45,321.896973
12,46,378.875247
12,47,436.787354
12,48,507.791307
12,49,601.052620
12,50,335.127669
12,51,311.009676
12,52,293.525189
12,53,290.354944
12,54,326.026610
12,55,375.237245
12,56,442.823888
12,57,498.379120
12,58,580.298147
12,59,634.074184
12,60,377.333618
12,61,367.444233
12,62,387.099019
12,63,403.186460
12,64,432.082190
12,65,471.881315
12,66,515.755769
12,67,556.412853
12,68,635.135573
12,69,694.399886
12,70,426.544607
12,71,430.889600
12,72,419.620234
12,73,436.499265
12,74,454.676928
12,75,497.151603
12,76,558.785587
12,77,628.332134
12,78,669.615494
12,79,748.533011
12,80,497.935365
12,81,502.475950
12,82,538.387856
12,83,517.593191
12,84,555.141571
12,85,598.686650
12,86,629.398128
12,87,677.587013
12,88,724.260011
12,89,769.069514
12,90,611.035054
12,91,588.896555
12,92,580.173007
12,93,584.463304
12,94,606.210408
12,95,637.294941
12,96,681.846921
12,97,719.805575
12,98,793.799620
12,99,849.586771
13,14,58.079990
13,15,170.312661
13,16,226.452150
13,17,315.202066
13,18,392.184861
13,19,433.709211
13,20,237.593702
13,21,177.639769
13,22,119.598690
13,23,83.394457
13,24,135.616766
13,25,205.741240
13,26,226.897002
13,27,330.072405
13,28,398.903644
13,29,449.151740
13,30,267.562660
13,31,222.865678
13,32,191.026868
13,33,167.329058
13,34,182.058387
13,35,241.061423
13,36,291.492840
13,37,365.408422
13,38,419.853325
13,39,486.970642
13,40,314.384939
13,41,271.314774
13,42,271.362961
13,43,258.121488
13,44,241.845858
13,45,290.828402
13,46,337.802245
13,47,381.640727
13,48,447.485371
13,49,532.078313
13,50,406.612398
13,51,371.847384
13,52,327.650342
13,53,304.549028
13,54,324.600319
13,55,354.931327
13,56,403.513054
13,57,449.543423
13,58,526.816965
13,59,575.894935
13,60,442.538024
13,61,424.564659
13,62,419.319763
13,63,416.099798
13,64,430.783883
13,65,460.472103
13,66,489.829746
13,67,515.692611
13,68,591.796283
13,69,642.630473
13,70,487.045041
13,71,477.399955
13,72,454.417651
13,73,456.784988
13,74,462.947168
13,75,488.135046
13,76,536.147771
13,77,601.498268
13,78,632.203572
13,79,703.574307
13,80,554.567744
13,81,549.894933
13,82,575.518711
13,83,538.969154
13,84,563.753905
13,85,597.078603
13,86,613.929734
13,87,654.788863
13,88,696.620228
13,89,731.722123
13,90,665.419371
13,91,631.917660
13,92,611.025708
13,93,607.556771
13,94,614.829258
13,95,639.975622
13,96,671.306656
13,97,702.685546
13,98,765.436981
13,99,816.250898
14,15,112.399566
14,16,168.881465
14,17,257.201720
14,18,334.399907
14,19,375.782258
14,20,285.527479
14,21,220.904732
14,22,146.727218
14,23,93.342955
14,24,105.055790
14,25,157.071401
14,26,171.196009
14,27,272.534826
14,28,341.611111
14,29,391.101334
14,30,309.628284
14,31,257.726793
14,32,204.827668
14,33,158.025205
14,34,150.487004
14,35,202.280671
14,36,240.518540
14,37,313.418802
14,38,363.443262
14,39,430.183876
14,40,345.666708
14,41,299.174156
14,42,281.232161
14,43,257.927202
14,44,222.735533
14,45,256.890232
14,46,296.735137
14,47,332.725493
14,48,395.734044
14,49,476.862917
14,50,432.265153
14,51,390.937540
14,52,331.324516
14,53,297.139970
14,54,306.859238
14,55,325.004052
14,56,362.054563
14,57,402.781304
14,58,477.364776
14,59,524.287907
14,60,463.087798
14,61,439.946290
14,62,418.868310
14,63,403.948494
14,64,409.863819
14,65,433.140596
14,66,454.070986
14,67,472.127094
14,68,546.406740
14,69,593.298501
14,70,503.590827
14,71,484.757646
14,72,454.761360
14,73,448.127139
14,74,446.954598
14,75,461.671983
14,76,501.546673
14,77,564.055659
14,78,589.316397
14,79,656.873370
14,80,567.507020
14,81,556.700392
14,82,575.313938
14,83,529.487865
14,84,546.290779
14,85,573.307188
14,86,582.329807
14,87,618.983606
14,88,658.075362
14,89,688.319675
14,90,675.638671
14,91,634.845392
14,92,606.415950
14,93,598.195199
14,94,596.739051
14,95,618.184755
14,96,641.856166
14,97,669.482141
14,98,726.151221
14,99,774.352020
15,16,65.894409
15,17,147.067054
15,18,225.436867
15,19,265.721886
15,20,381.966142
15,21,313.687351
15,22,228.418710
15,23,171.786754
15,24,117.968221
15,25,87.935980
15,26,67.428105
15,27,160.448177
15,28,229.814026
15,29,278.977644
15,30,397.034584
15,31,337.401191
15,32,260.053989
15,33,186.978978
15,34,136.637840
15,35,153.276759
15,36,148.569477
15,37,214.950109
15,38,253.253182
15,39,319.100707
15,40,415.448458
15,41,366.119806
15,42,321.026173
15,43,283.006775
15,44,216.969890
15,45,211.369761
15,46,228.674607
15,47,241.840424
15,48,296.065428
15,49,368.667484
15,50,489.471504
15,51,438.743001
15,52,355.962232
15,53,304.320349
15,54,292.293511
15,55,281.901078
15,56,288.891329
15,57,315.094033
15,58,381.859319
15,59,423.472875
15,60,510.474193
15,61,479.156953
15,62,430.223293
15,63,393.350744
15,64,380.836990
15,65,389.150323
15,66,390.510097
15,67,390.233588
15,68,459.038834
15,69,496.817760
15,70,542.572404
15,71,507.720292
15,72,465.869954
15,73,442.150688
15,74,426.280218
15,75,418.329902
15,76,439.065240
15,77,493.838665
15,78,506.816251
15,79,565.445083
15,80,598.100643
15,81,576.244767
15,82,581.050885
15,83,518.594708
15,84,518.783208
15,85,532.005140
15,86,524.306868
15,87,551.267801
15,88,583.929853
15,89,603.556108
15,90,698.716984
15,91,645.029663
15,92,602.790225
15,93,585.461186
15,94,566.522633
15,95,579.870575
15,96,587.150896
15,97,606.435701
15,98,649.627607
15,99,691.958067
16,17,90.538204
16,18,165.853700
16,19,207.774449
16,20,446.518423
16,21,378.625560
16,22,294.010077
16,23,237.125193
16,24,182.337702
16,25,131.127109
16,26,81.773074
16,27,122.353314
16,28,190.081434
16,29,227.385610
16,30,462.690590
16,31,403.284662
16,32,325.105855
16,33,250.303785
16,34,194.402708
16,35,195.397753
16,36,157.115900
16,37,206.938139
16,38,219.411584
16,39,280.314158
16,40,480.981743
16,41,431.572919
16,42,383.364509
16,43,343.075092
16,44,271.217947
16,45,249.421929
16,46,250.859284
16,47,241.719433
16,48,281.588179
16,49,337.051683
16,50,553.445697
16,51,501.445951
16,52,414.575305
16,53,359.225269
16,54,340.080076
16,55,316.812539
16,56,303.161320
16,57,314.561548
16,58,370.106829
16,59,403.688763
16,60,572.696398
16,61,539.877099
16,62,483.922000
16,63,439.796714
16,64,419.381447
16,65,419.489471
16,66,408.149747
16,67,392.818042
16,68,454.582196
16,69,481.509556
16,70,602.834008
16,71,564.056623
16,72,519.000481
16,73,489.479373
16,74,467.677122
16,75,448.256089
16,76,456.166876
16,77,503.945462
16,78,506.191520
16,79,554.985080
16,80,655.913308
16,81,630.970605
16,82,631.045470
16,83,562.722282
16,84,555.211833
16,85,560.807512
16,86,542.770708
16,87,562.303837
16,88,589.398176
16,89,599.377600
16,90,753.762446
16,91,696.098070
16,92,648.958668
16,93,627.953396
16,94,600.868235
16,95,609.659565
16,96,606.859938
16,97,620.131240
16,98,652.295536
16,99,689.036995
17,18,78.647171
17,19,118.743904
17,20,527.090288
17,21,458.275577
17,22,371.432381
17,23,316.233118
17,24,250.092132
17,25,174.885490
17,26,118.345702
17,27,57.219544
17,28,109.573426
17,29,137.052872
17,30,538.681929
17,31,476.702676
17,32,390.950099
17,33,312.034531
17,34,247.777184
17,35,225.499784
17,36,151.001603
17,37,166.634169
17,38,143.475073
17,39,196.808385
17,40,547.805665
17,41,498.255151
17,42,438.565890
17,43,393.436532
17,44,312.912844
17,45,267.333368
17,46,246.117269
17,47,207.390487
17,48,224.594086
17,49,258.521626
17,50,611.757729
17,51,555.861266
17,52,459.685281
17,53,398.124974
17,54,366.914180
17,55,324.634063
17,56,282.488958
17,57,273.152093
17,58,311.832078
17,59,335.331299
17,60,624.813583
17,61,588.051720
17,62,517.017541
17,63,460.553891
17,64,427.746374
17,65,415.244765
17,66,386.125182
17,67,351.333305
17,68,402.243081
17,69,416.211129
17,70,649.047748
17,71,601.293005
17,72,550.254001
17,73,510.448479
17,74,479.076077
17,75,442.341531
17,76,431.604471
17,77,468.564459
17,78,457.187958
17,79,493.671342
17,80,695.413965
17,81,663.802322
17,82,654.325863
17,83,576.477900
17,84,556.380010
17,85,550.132764
17,86,517.684621
17,87,526.792569
17,88,546.235178
17,89,544.449346
17,90,786.002936
17,91,720.644916
17,92,664.879242
17,93,637.744377
17,94,597.836273
17,95,599.480446
17,96,582.173818
17,97,587.040662
17,98,604.701774
17,99,634.399256
18,19,42.836246
18,20,605.697323
18,21,536.846424
18,22,449.874525
18,23,394.842455
18,24,327.583340
18,25,248.724457
18,26,193.896698
18,27,99.729340
18,28,97.104756
18,29,76.819807
18,30,616.760874
18,31,554.391731
18,32,467.136331
18,33,387.680660
18,34,322.035261
18,35,292.529704
18,36,207.388469
18,37,195.874654
18,38,130.816348
18,39,158.459906
18,40,623.683792
18,41,574.239078
18,42,511.053319
18,43,464.515665
18,44,381.831599
18,45,326.874354
18,46,293.819004
18,47,236.304527
18,48,227.827295
18,49,226.008132
18,50,684.481552
18,51,627.285990
18,52,527.867156
18,53,464.285640
18,54,427.787473
18,55,376.114199
18,56,316.306295
18,57,289.202921
18,58,306.530916
18,59,315.327094
18,60,694.915150
18,61,656.589058
18,62,578.701875
18,63,516.171529
18,64,476.430884
18,65,455.674931
18,66,413.760157
18,67,362.639360
18,68,399.831873
18,69,397.408877
18,70,716.309671
18,71,664.352994
18,72,610.574569
18,73,565.385121
18,74,528.618656
18,75,480.813582
18,76,455.541475
18,77,481.620771
18,78,456.716961
18,79,477.961880
18,80,759.020444
18,81,723.984386
18,82,708.989593
18,83,626.002447
18,84,597.628135
18,85,582.632179
18,86,538.920109
18,87,538.301451
18,88,549.774169
18,89,535.294778
18,90,845.063507
18,91,775.536153
18,92,714.801458
18,93,683.881854
18,94,635.381111
18,95,631.538175
18,96,602.487551
18,97,599.654214
18,98,602.553626
18,99,624.063760
19,20,644.080816
19,21,575.064004
19,22,487.683624
19,23,433.407660
19,24,363.841847
19,25,281.895468
19,26,229.160231
19,27,126.450736
19,28,97.740338
19,29,45.646755
19,30,653.492667
19,31,590.457116
19,32,501.302749
19,33,421.511757
19,34,354.886597
19,35,320.263202
19,36,230.902274
19,37,205.877302
19,38,124.469045
19,39,133.054683
19,40,657.165409
19,41,607.930855
19,42,541.388411
19,43,493.830415
19,44,409.953207
19,45,349.291173
19,46,309.871876
19,47,243.970152
19,48,221.989612
19,49,200.434040
19,50,714.578966
19,51,656.330277
19,52,554.572549
19,53,489.799995
19,54,449.896166
19,55,392.868974
19,56,324.007391
19,57,287.895910
19,58,293.130794
19,59,293.896812
19,60,722.649695
19,61,683.124148
19,62,600.391072
19,63,534.131049
19,64,490.339622
19,65,464.846672
19,66,416.143369
19,67,356.906810
19,68,386.080563
19,69,375.194710
19,70,741.663913
19,71,686.677586
19,72,631.163397
19,73,582.584788
19,74,542.624702
19,75,488.567582
19,76,455.288083
19,77,475.066859
19,78,443.217438
19,79,456.398050
19,80,781.460970
19,81,744.046499
19,82,725.326591
19,83,639.382843
19,84,606.075895
19,85,586.026664
19,86,536.287196
19,87,530.345159
19,88,537.464426
19,89,516.535091
19,90,863.994308
19,91,791.793193
19,92,728.020298
19,93,694.844659
19,94,641.382400
19,95,634.347298
19,96,598.838646
19,97,591.807269
19,98,586.886139
19,99,604.108899
20,21,69.131015
20,22,156.939920
20,23,210.857237
20,24,283.195710
20,25,371.140422
20,26,416.817039
20,27,525.144990
20,28,587.465021
20,29,649.626623
20,30,51.650632
20,31,84.070006
20,32,174.323392
20,33,242.186500
20,34,306.394142
20,35,364.268143
20,36,449.776609
20,37,519.704815
20,38,598.677658
20,39,666.169761
20,40,135.667127
20,41,129.200591
20,42,209.536501
20,43,242.865702
20,44,300.763101
20,45,383.146773
20,46,446.820433
20,47,518.658136
20,48,593.181465
20,49,695.520863
20,50,230.659827
20,51,230.852303
20,52,265.911802
20,53,295.301138
20,54,347.588793
20,55,416.546669
20,56,503.734298
20,57,568.831515
20,58,653.761996
20,59,712.466053
20,60,281.422083
20,61,287.560941
20,62,348.730408
20,63,393.804519
20,64,441.145425
20,65,492.348494
20,66,553.928722
20,67,613.144532
20,68,692.536846
20,69,762.075538
20,70,335.623333
20,71,364.145759
20,72,373.646618
20,73,412.410235
20,74,447.542602
20,75,512.401714
20,76,590.006219
20,77,662.463355
20,78,717.443040
20,79,805.031648
20,80,409.625877
20,81,429.382757
20,82,480.178499
20,83,485.668434
20,84,540.637738
20,85,597.280909
20,86,647.033951
20,87,704.055958
20,88,756.264522
20,89,813.991471
20,90,521.923737
20,91,518.825446
20,92,529.876962
20,93,546.137015
20,94,589.082933
20,95,627.737632
20,96,690.204505
20,97,736.557484
20,98,824.956650
20,99,886.771561
21,22,87.829020
21,23,142.129003
21,24,214.198577
21,25,302.352890
21,26,347.686278
21,27,456.029169
21,28,518.555972
21,29,580.505195
21,30,89.923017
21,31,59.411037
21,32,117.150510
21,33,176.497616
21,34,238.897841
21,35,298.183923
21,36,381.933739
21,37,452.672512
21,38,530.232171
21,39,597.862513
21,40,148.386385
21,41,118.033856
21,42,172.307765
21,43,194.631514
21,44,240.796552
21,45,321.178367
21,46,383.932919
21,47,453.307128
21,48,527.466689
21,49,628.516441
21,50,246.643300
21,51,228.797652
21,52,233.892991
21,53,249.561609
21,54,296.881222
21,55,360.468183
21,56,443.000166
21,57,506.147060
21,58,590.734540
21,59,648.517946
21,60,291.362433
21,61,286.374956
21,62,324.226161
21,63,356.243677
21,64,396.637150
21,65,444.127691
21,66,500.171187
21,67,554.190967
21,68,633.753537
21,69,700.792350
21,70,342.529590
21,71,355.735315
21,72,353.566781
21,73,381.841409
21,74,409.770321
21,75,466.308546
21,76,538.806326
21,77,610.707306
21,78,661.553113
21,79,746.886287
21,80,415.340884
21,81,425.498442
21,82,468.002706
21,83,459.744515
21,84,507.058071
21,85,558.489925
21,86,601.046139
21,87,655.153815
21,88,705.660359
21,89,759.347356
21,90,528.800740
21,91,513.771188
21,92,513.753279
21,93,523.917189
21,94,557.057062
21,95,592.616297
21,96,648.020267
21,97,691.360508
21,98,774.898443
21,99,834.855122
22,23,57.297694
22,24,126.484665
22,25,214.902586
22,26,259.907637
22,27,368.205319
22,28,430.875841
22,29,492.687252
22,30,168.693723
22,31,111.744437
22,32,76.780831
22,33,98.214106
22,34,154.233202
22,35,215.775388
22,36,295.896911
22,37,367.771742
22,38,443.129324
22,39,510.914048
22,40,199.052437
22,41,153.445099
22,42,156.605425
22,43,154.892076
22,44,172.542549
22,45,246.244005
22,46,306.387487
22,47,371.102917
22,48,444.417910
22,49,543.360630
22,50,288.099934
22,51,252.280237
22,52,216.621941
22,53,208.014232
22,54,243.291623
22,55,295.139986
22,56,368.430968
22,57,427.926155
22,58,511.569507
22,59,567.786087
22,60,322.972113
22,61,305.475892
22,62,310.149897
22,63,321.158472
22,64,349.206641
22,65,389.608899
22,66,436.034417
22,67,481.456141
22,68,560.760963
22,69,623.810756
22,70,367.634710
22,71,361.424793
22,72,343.930346
22,73,356.013254
22,74,372.219796
22,75,414.586711
22,76,478.081592
22,77,548.348317
22,78,592.682575
22,79,674.287072
22,80,435.840892
22,81,433.826761
22,82,464.233884
22,83,437.665008
22,84,472.894296
22,85,515.809155
22,86,547.285446
22,87,596.564904
22,88,644.190658
22,89,691.732588
22,90,547.388166
22,91,517.886415
22,92,503.477881
22,93,505.189726
22,94,524.036252
22,95,554.598919
22,96,599.191974
22,97,637.773548
22,98,713.746689
22,99,770.747784
23,24,80.293426
23,25,167.867586
23,26,207.720445
23,27,316.338727
23,28,380.989710
23,29,440.463768
23,30,225.810041
23,31,168.674101
23,32,112.563529
23,33,86.244791
23,34,119.081125
23,35,182.313481
23,36,252.550551
23,37,326.236568
23,38,395.670410
23,39,463.708834
23,40,253.723446
23,41,206.437543
23,42,191.209056
23,43,174.889600
23,44,163.462812
23,45,223.463918
23,46,277.990430
23,47,334.464343
23,48,405.641592
23,49,500.228117
23,50,338.961516
23,51,298.057922
23,52,245.386858
23,53,221.332714
23,54,244.128572
23,55,281.978415
23,56,342.655535
23,57,396.516621
23,58,478.084617
23,59,531.756618
23,60,370.047589
23,61,348.126674
23,62,336.350098
23,63,333.359112
23,64,350.972469
23,65,384.235893
23,66,420.662062
23,67,456.245638
23,68,534.496795
23,69,592.408614
23,70,411.504539
23,71,396.758585
23,72,371.634211
23,73,373.495328
23,74,381.056381
23,75,411.113085
23,76,465.383554
23,77,533.221662
23,78,570.641355
23,79,647.695020
23,80,476.804220
23,81,469.141049
23,82,492.751249
23,83,455.697479
23,84,482.070576
23,85,517.967503
23,86,539.975131
23,87,584.461689
23,88,629.028699
23,89,670.286579
23,90,586.311652
23,91,549.940143
23,92,527.710686
23,93,524.246597
23,94,533.250416
23,95,559.783421
23,96,595.454715
23,97,629.695829
23,98,698.389184
23,99,752.292651
24,25,88.709529
24,26,134.794297
24,27,242.316607
24,28,304.391854
24,29,366.800483
24,30,289.665788
24,31,226.818312
24,32,142.950787
24,33,69.519712
24,34,46.742802
24,35,106.329201
24,36,172.338519
24,37,245.943535
24,38,317.131108
24,39,385.060847
24,40,299.476856
24,41,249.923467
24,42,203.861985
24,43,169.039078
24,44,119.053848
24,45,155.429905
24,46,203.291670
24,47,254.928053
24,48,325.510428
24,49,420.142142
24,50,371.513018
24,51,321.125737
24,52,243.264961
24,53,199.254654
24,54,202.782855
24,55,221.335233
24,56,268.865735
24,57,318.831331
24,58,399.231399
24,59,452.041229
24,60,393.088786
24,61,363.084461
24,62,324.377335
24,63,301.475499
24,64,304.868360
24,65,328.767104
24,66,354.350496
24,67,381.798722
24,68,458.985886
24,69,514.139482
24,70,426.811629
24,71,396.976987
24,72,360.443154
24,73,347.197049
24,74,342.810690
24,75,357.112152
24,76,400.934841
24,77,465.892225
24,78,497.688098
24,79,571.633511
24,80,484.952178
24,81,467.337057
24,82,479.308590
24,83,427.644916
24,84,441.623288
24,85,468.373203
24,86,479.863042
24,87,519.381452
24,88,561.009055
24,89,597.332875
24,90,588.752779
24,91,541.054940
24,92,507.025916
24,93,496.152913
24,94,491.924707
24,95,513.134129
24,96,538.418986
24,97,568.016376
24,98,629.860162
24,99,681.175273
25,26,57.185389
25,27,157.111804
25,28,216.433186
25,29,280.860612
25,30,374.699682
25,31,310.522598
25,32,219.472461
25,33,139.636877
25,34,73.310978
25,35,65.998349
25,36,86.460703
25,37,160.804721
25,38,228.421833
25,39,296.356439
25,40,375.345193
25,41,326.052564
25,42,263.694151
25,43,219.138887
25,44,141.750462
25,45,123.530188
25,46,145.012999
25,47,176.129052
25,48,242.300714
25,49,332.757057
25,50,436.879632
25,51,381.164693
25,52,287.579836
25,53,229.400010
25,54,209.165459
25,55,193.966361
25,56,208.457293
25,57,245.713185
25,58,321.203511
25,59,370.435453
25,60,450.630913
25,61,415.023989
25,62,353.209981
25,63,309.397985
25,64,293.457223
25,65,301.373214
25,66,306.570134
25,67,316.026714
25,68,389.468674
25,69,437.093519
25,70,476.960312
25,71,434.397561
25,72,388.103123
25,73,358.867880
25,74,339.808678
25,75,330.563119
25,76,354.999943
25,77,413.049287
25,78,433.341092
25,79,499.810220
25,80,527.135924
25,81,500.433974
25,82,499.988939
25,83,433.437658
25,84,431.154039
25,85,444.259825
25,86,439.226000
25,87,469.559628
25,88,505.355923
25,89,531.948230
25,90,623.249547
25,91,564.976190
25,92,518.861113
25,93,499.604239
25,94,478.677591
25,95,492.011545
25,96,501.416599
25,97,523.105154
25,98,572.509660
25,99,618.676294
26,27,108.621745
26,28,174.409876
26,29,232.911960
26,30,424.443790
26,31,361.297376
26,32,273.258904
26,33,193.954569
26,34,129.486072
26,35,116.027418
26,36,82.740782
26,37,147.554476
26,38,193.111427
26,39,260.601330
26,40,429.920629
26,41,380.430029
26,42,320.608917
26,43,276.320106
26,44,198.237884
26,45,168.065066
26,46,170.931844
26,47,174.995763
26,48,228.925404
26,49,305.667371
26,50,493.608794
26,51,438.237242
26,52,344.513631
26,53,285.384464
26,54,261.254814
26,55,235.040298
26,56,226.984893
26,57,248.474337
26,58,314.439938
26,59,356.718092
26,60,507.808195
26,61,472.145710
26,62,407.999177
26,63,359.854768
26,64,337.709914
26,65,338.182134
26,66,330.784399
26,67,324.512548
26,68,392.095535
26,69,429.483772
26,70,533.958012
26,71,490.189434
26,72,442.466528
26,73,409.735700
26,74,386.304893
26,75,367.057840
26,76,379.184897
26,77,430.824971
26,78,440.585678
26,79,498.059009
26,80,583.349814
26,81,555.331359
26,82,552.200421
26,83,481.790374
26,84,473.442926
26,85,479.962968
26,86,465.350846
26,87,488.739394
26,88,519.406503
26,89,536.791216
26,90,678.098618
26,91,617.717533
26,92,568.498311
26,93,546.615334
26,94,519.211596
26,95,528.652254
26,96,529.001945
26,97,545.165831
26,98,584.356181
26,99,625.464560
27,28,69.589907
27,29,124.501364
27,30,531.267031
27,31,467.409397
27,32,376.392156
27,33,296.533596
27,34,229.402502
27,35,194.163312
27,36,107.690647
27,37,109.990254
27,38,97.061146
27,39,159.700765
27,40,531.552160
27,41,482.495375
27,42,414.937741
27,43,367.448798
27,44,283.810408
27,45,227.171711
27,46,197.008380
27,47,151.067627
27,48,168.724295
27,49,214.702098
27,50,588.142676
27,51,530.038065
27,52,429.122224
27,53,365.029633
27,54,328.073012
27,55,278.223851
27,56,227.816093
27,57,215.937839
27,58,256.751585
27,59,284.229820
27,60,596.782201
27,61,557.814917
27,62,478.987563
27,63,417.327467
27,64,379.913003
27,65,363.390972
27,66,330.393903
27,67,294.127334
27,68,346.132748
27,69,363.899872
27,70,617.096157
27,71,564.625649
27,72,510.961706
27,73,466.778316
27,74,431.843008
27,75,389.807863
27,76,375.328703
27,77,411.375074
27,78,400.665625
27,79,440.012600
27,80,659.299979
27,81,624.421347
27,82,610.589285
27,83,529.380974
27,84,505.168728
27,85,495.903938
27,86,461.157019
27,87,469.584948
27,88,489.224775
27,89,489.102339
27,90,745.695234
27,91,677.111893
27,92,618.110132
27,93,588.890572
27,94,545.267847
27,95,545.203071
27,96,525.596471
27,97,529.874873
27,98,548.158852
27,99,579.094771
28,29,72.230604
28,30,590.468479
28,31,525.846059
28,32,432.159350
28,33,352.891756
28,34,285.393133
28,35,240.414784
28,36,147.449585
28,37,109.103140
28,38,35.773611
28,39,90.377287
28,40,584.526398
28,41,536.249997
28,42,462.687943
28,43,413.653350
28,44,328.749615
28,45,260.468020
28,46,215.333852
28,47,146.308066
28,48,130.768949
28,49,149.075139
28,50,634.162880
28,51,574.312342
28,52,469.395710
28,53,403.398405
28,54,359.542430
28,55,298.150488
28,56,226.274216
28,57,192.863427
28,58,211.663954
28,59,227.845940
28,60,638.119468
28,61,596.963845
28,62,508.757395
28,63,439.618205
28,64,393.728217
28,65,367.144757
28,66,319.462042
28,67,265.547851
28,68,304.588594
28,69,309.558332
28,70,653.669325
28,71,595.385653
28,72,538.405155
28,73,487.442084
28,74,445.960338
28,75,390.834358
28,76,359.898136
28,77,384.521440
28,78,361.150938
28,79,388.571394
28,80,690.041577
28,81,650.578769
28,82,629.462234
28,83,542.385196
28,84,508.336022
28,85,489.133241
28,86,442.478788
28,87,441.217887
28,88,453.543041
28,89,442.865334
28,90,769.511635
28,91,695.818772
28,92,630.909925
28,93,597.261692
28,94,543.866450
28,95,537.684547
28,96,505.814345
28,97,502.558225
28,98,507.764624
28,99,532.344691
29,30,655.466868
29,31,591.383183
29,32,499.294657
29,33,419.566102
29,34,352.101839
29,35,310.636621
29,36,218.205179
29,37,179.858866
29,38,88.879703
29,39,87.423353
29,40,653.218133
29,41,604.539510
29,42,533.116129
29,43,484.412223
29,44,399.626209
29,45,332.631612
29,46,286.993817
29,47,214.634960
29,48,182.982058
29,49,154.805512
29,50,705.192793
29,51,645.666346
29,52,541.267082
29,53,475.402724
29,54,431.766976
29,55,369.567061
29,56,293.245152
29,57,250.836084
29,58,249.613688
29,59,248.381627
29,60,709.966278
29,61,669.014906
29,62,580.846027
29,63,510.956290
29,64,463.498961
29,65,434.026562
29,66,380.473781
29,67,316.579849
29,68,342.129753
29,69,329.579119
29,70,725.875387
29,71,667.496995
29,72,610.276343
29,73,558.399593
29,74,515.580281
29,75,456.465323
29,76,417.661583
29,77,433.838214
29,78,399.233704
29,79,410.800966
29,80,762.118704
29,81,722.205179
29,82,699.777682
29,83,611.362801
29,84,574.017813
29,85,550.308957
29,86,496.949633
29,87,488.330099
29,88,493.731710
29,89,471.220960
29,90,840.678090
29,91,765.993309
29,92,699.585018
29,93,664.556901
29,94,607.350921
29,95,598.098698
29,96,558.793322
29,97,549.731449
29,98,542.138812
29,99,558.613177
30,31,65.187293
30,32,162.178130
30,33,238.456634
30,34,305.468633
30,35,358.685938
30,36,448.182552
30,37,515.013443
30,38,598.687902
30,39,665.244866
30,40,84.970753
30,41,88.396790
30,42,177.667061
30,43,217.858349
30,44,286.128685
30,45,369.763163
30,46,434.100471
30,47,509.878223
30,48,584.732893
30,49,689.875921
30,50,179.009196
30,51,181.595051
30,52,228.469537
30,53,266.476225
30,54,321.849119
30,55,395.133588
30,56,487.215683
30,57,554.791064
30,58,639.825597
30,59,699.894548
30,60,229.909681
30,61,237.525525
30,62,305.782876
30,63,357.349515
30,64,408.932054
30,65,462.588790
30,66,528.766138
30,67,593.488194
30,68,672.273077
30,69,744.953528
30,70,284.229046
30,71,315.287831
30,72,328.543125
30,73,371.732760
30,74,410.646051
30,75,480.760194
30,76,562.152091
30,77,634.740756
30,78,693.662466
30,79,783.555069
30,80,358.218494
30,81,379.228755
30,82,431.791268
30,83,442.193493
30,84,500.620361
30,85,560.003877
30,86,614.503338
30,87,673.623453
30,88,727.111117
30,89,788.536748
30,90,470.362071
30,91,468.675994
30,92,482.483175
30,93,500.825286
30,94,547.999620
30,95,588.151085
30,96,654.735088
30,97,703.066655
30,98,795.102241
30,99,858.425590
31,32,97.203037
31,33,173.419593
31,34,240.609206
31,35,293.507089
31,36,383.087082
31,37,449.839260
31,38,533.658476
31,39,600.125208
31,40,92.488939
31,41,58.668586
31,42,125.941470
31,43,159.233882
31,44,222.290962
31,45,305.752695
31,46,370.006799
31,47,445.054771
31,48,519.901214
31,49,624.778594
31,50,189.121842
31,51,169.423059
31,52,184.195733
31,53,211.248514
31,54,264.032905
31,55,334.550827
31,56,424.423800
31,57,491.199443
31,58,576.263645
31,59,635.970707
31,60,232.412972
31,61,227.050115
31,62,270.947105
31,63,310.891250
31,64,357.143905
31,65,408.313210
31,66,470.742689
31,67,532.193363
31,68,611.341827
31,69,682.601945
31,70,283.206585
31,71,297.443945
31,72,298.550393
31,73,331.942114
31,74,364.682783
31,75,428.344693
31,76,506.225642
31,77,578.732400
31,78,634.794218
31,79,723.335677
31,80,355.937061
31,81,366.641936
31,82,410.810426
31,83,407.581420
31,84,459.258405
31,85,514.351494
31,86,563.004468
31,87,620.012829
31,88,672.340387
31,89,730.846070
31,90,469.395609
31,91,455.194614
31,92,457.784002
31,93,470.213806
31,94,508.372957
31,95,545.926015
31,96,606.619846
31,97,652.600148
31,98,740.968008
31,99,802.985991
32,33,79.860979
32,34,147.195070
32,35,196.846805
32,36,287.578699
32,37,353.061230
32,38,438.330117
32,39,504.262492
32,40,156.920297
32,41,107.337172
32,42,80.593558
32,43,81.713133
32,44,126.478954
32,45,209.336117
32,46,273.392050
32,47,347.856620
32,48,422.700737
32,49,527.714202
32,50,231.119296
32,51,186.249728
32,52,139.843834
32,53,136.763149
32,54,180.295676
32,55,243.721398
32,56,329.424150
32,57,395.042221
32,58,480.072026
32,59,539.371916
32,60,258.561115
32,61,235.563511
32,62,233.378767
32,63,248.276608
32,64,282.441895
32,65,327.873762
32,66,383.067157
32,67,439.069639
32,68,518.543162
32,69,587.775753
32,70,298.985012
32,71,286.492954
32,72,267.180296
32,73,280.704547
32,74,300.581579
32,75,350.864035
32,76,421.732484
32,77,493.572207
32,78,544.947487
32,79,631.312024
32,80,364.461786
32,81,358.992693
32,82,387.618897
32,83,361.921680
32,84,400.371991
32,85,447.015503
32,86,485.281509
32,87,538.401020
32,88,588.597871
32,89,642.448285
32,90,474.604042
32,91,441.991386
32,92,426.719864
32,93,429.082395
32,94,451.265394
32,95,483.775763
32,96,533.976855
32,97,575.760814
32,98,657.884013
32,99,717.704716
33,34,67.536102
33,35,122.081652
33,36,209.745751
33,37,277.857273
33,38,360.243376
33,39,426.827996
33,40,236.003805
33,41,186.574510
33,42,134.344083
33,43,101.561485
33,44,78.064702
33,45,148.036224
33,46,208.786136
33,47,276.850663
33,48,351.157409
33,49,453.533543
33,50,303.185573
33,51,251.778545
33,52,175.918517
33,53,139.540906
33,54,157.920023
33,55,199.346673
33,56,270.268310
33,57,330.747331
33,58,414.919121
33,59,472.180345
33,60,323.634023
33,61,293.689711
33,62,261.074613
33,63,249.208583
33,64,264.728420
33,65,298.911877
33,66,339.731712
33,67,383.242036
33,68,462.556153
33,69,526.291919
33,70,357.473681
33,71,330.010830
33,72,297.050467
33,73,291.434917
33,74,295.620512
33,75,325.415240
33,76,383.033958
33,77,452.320746
33,78,494.754443
33,79,576.079923
33,80,416.558057
33,81,401.164002
33,82,417.374762
33,83,373.328045
33,84,396.469556
33,85,431.735905
33,86,455.468370
33,87,501.981158
33,88,548.251436
33,89,593.954169
33,90,521.729063
33,91,477.448390
33,92,448.664758
33,93,442.062845
33,94,447.580458
33,95,473.593174
33,96,510.012882
33,97,545.550444
33,98,617.785145
33,99,673.734936
34,35,63.296060
34,36,143.476861
34,37,213.855014
34,38,293.388489
34,39,360.366593
34,40,302.285507
34,41,253.122440
34,42,191.425677
34,43,148.885739
34,44,81.422867
34,45,108.784626
34,46,159.177955
34,47,217.386770
34,48,290.261178
34,49,389.659857
34,50,364.165940
34,51,309.375288
34,52,220.275409
34,53,167.836988
34,54,162.061766
34,55,174.819882
34,56,224.290527
34,57,277.564709
34,58,359.709123
34,59,414.556129
34,60,379.680230
34,61,345.700832
34,62,293.869796
34,63,262.566754
34,64,260.989321
34,65,282.669669
34,66,307.774404
34,67,337.705161
34,68,415.629252
34,69,473.579696
34,70,408.485001
34,71,371.165775
34,72,329.648473
34,73,309.911563
34,74,301.083506
34,75,311.185434
34,76,354.239568
34,77,419.506842
34,78,452.886523
34,79,528.719645
34,80,462.052858
34,81,439.624285
34,82,446.100094
34,83,388.879096
34,84,398.607325
34,85,423.017164
34,86,433.160950
34,87,472.761833
34,88,514.777776
34,89,552.572554
34,90,562.079169
34,91,509.396423
34,92,470.577200
34,93,456.936112
34,94,448.477168
34,95,468.308977
34,96,491.897485
34,97,521.273574
34,98,583.749386
34,99,635.747259
35,36,93.061146
35,37,156.337845
35,38,242.866179
35,39,307.857308
35,40,344.935493
35,41,297.361330
35,42,222.479794
35,43,173.962243
35,44,89.690009
35,45,58.637020
35,46,96.968534
35,47,155.415629
35,48,229.291704
35,49,331.658827
35,50,394.884006
35,51,336.119803
35,52,235.357727
35,53,172.670705
35,54,145.235197
35,55,129.580872
35,56,162.594343
35,57,214.268650
35,58,296.601698
35,59,352.056966
35,60,402.633356
35,61,364.072114
35,62,292.769747
35,63,244.404041
35,64,227.604866
35,65,238.095295
35,66,251.831282
35,67,275.482616
35,68,352.901106
35,69,410.294557
35,70,424.178059
35,71,376.122835
35,72,326.872445
35,73,294.133332
35,74,273.823747
35,75,267.252035
35,76,299.489534
35,77,361.947533
35,78,391.413886
35,79,465.798447
35,80,470.022291
35,81,440.036044
35,82,436.236840
35,83,367.750068
35,84,365.508113
35,85,380.836562
35,86,381.437999
35,87,416.703068
35,88,456.399077
35,89,491.038564
35,90,562.693870
35,91,501.696582
35,92,453.607697
35,93,433.698320
35,94,413.399653
35,95,428.055033
35,96,442.277149
35,97,467.645735
35,98,524.882492
35,99,575.195428
36,37,74.347523
36,38,150.751966
36,39,217.085458
36,40,437.805118
36,41,389.945802
36,42,315.242660
36,43,266.292479
36,44,181.443932
36,45,119.486276
36,46,97.108270
36,47,93.752375
36,48,156.026193
36,49,247.887382
36,50,486.995670
36,51,427.519967
36,52,324.034366
36,53,258.933885
36,54,220.400801
36,55,173.637995
36,56,146.090631
36,57,166.608405
36,58,237.039089
36,59,284.405041
36,60,492.491738
36,61,452.401842
36,62,371.314277
36,63,310.569172
36,64,276.882590
36,65,267.684044
36,66,251.040450
36,67,241.889445
36,68,310.755759
36,69,352.920308
36,70,510.764188
36,71,457.050972
36,72,403.293037
36,73,360.276128
36,74,328.091183
36,75,295.715062
36,76,299.061829
36,77,348.565814
36,78,358.267069
36,79,418.541350
36,80,551.765108
36,81,516.779206
36,82,504.200767
36,83,425.476842
36,84,407.361046
36,85,406.588646
36,86,385.654817
36,87,406.654940
36,88,436.683833
36,89,455.072991
36,90,638.200002
36,91,570.646817
36,92,513.890005
36,93,487.028323
36,94,450.487309
36,95,455.779118
36,96,449.763292
36,97,463.702724
36,98,501.647997
36,99,543.389770
37,38,95.913891
37,39,154.552824
37,40,497.844030
37,41,451.463183
37,42,370.736407
37,43,320.846030
37,44,237.022787
37,45,160.032636
37,46,107.692097
37,47,41.297885
37,48,82.317376
37,49,175.852168
37,50,538.208551
37,51,477.104428
37,52,369.681735
37,53,303.063140
37,54,255.131589
37,55,189.794223
37,56,120.497390
37,57,108.761787
37,58,166.939584
37,59,210.869153
37,60,537.827034
37,61,495.243734
37,62,402.243903
37,63,331.114673
37,64,284.667679
37,65,260.069300
37,66,220.835994
37,67,187.564471
37,68,247.823743
37,69,281.971485
37,70,549.941143
37,71,488.934756
37,72,430.927941
37,73,378.586161
37,74,336.921058
37,75,284.949177
37,76,265.370249
37,77,302.856617
37,78,299.325865
37,79,351.094815
37,80,583.320053
37,81,542.486441
37,82,520.378537
37,83,433.525232
37,84,401.912069
37,85,387.891680
37,86,351.173913
37,87,361.276118
37,88,384.168379
37,89,392.744443
37,90,660.825380
37,91,586.721549
37,92,522.144795
37,93,489.326464
37,94,439.582909
37,95,437.042686
37,96,415.626496
37,97,421.042297
37,98,445.828247
37,99,482.249171
38,39,68.047551
38,40,587.687816
38,41,540.226579
38,42,462.845164
38,43,413.205032
38,44,328.522899
38,45,254.841910
38,46,203.381125
38,47,126.977710
38,48,98.058632
38,49,117.640977
38,50,632.231780
38,51,571.513257
38,52,464.765417
38,53,398.234584
38,54,351.024426
38,55,284.680963
38,56,204.618005
38,57,163.488458
38,58,176.303325
38,59,192.462585
38,60,633.190307
38,61,590.891147
38,62,497.906595
38,63,425.459310
38,64,375.970238
38,65,345.251520
38,66,292.345599
38,67,233.299450
38,68,269.420673
38,69,274.005514
38,70,645.841648
38,71,584.577031
38,72,526.147503
38,73,472.113045
38,74,427.864434
38,75,367.585717
38,76,330.856859
38,77,352.003108
38,78,326.148781
38,79,352.845705
38,80,678.833965
38,81,637.122018
38,82,612.524740
38,83,523.164715
38,84,485.139101
38,85,462.280144
38,86,411.959728
38,87,408.143281
38,88,418.978703
38,89,407.149860
38,90,754.489297
38,91,678.562518
38,92,611.205055
38,93,575.786945
38,94,518.728107
38,95,510.363896
38,96,474.752275
38,97,469.575206
38,98,472.479627
38,99,496.594410
39,40,651.740951
39,41,604.847748
39,42,525.232750
39,43,475.362597
39,44,391.306990
39,45,314.249161
39,46,257.709138
39,47,175.973618
39,48,119.536174
39,49,67.795090
39,50,692.477736
39,51,631.182540
39,52,523.215428
39,53,456.588888
39,54,406.438056
39,55,335.213076
39,56,244.952139
39,57,188.290465
39,58,168.134126
39,59,161.130494
39,60,690.684227
39,61,647.371724
39,62,549.389203
39,63,473.100254
39,64,418.682064
39,65,380.950512
39,66,317.186835
39,67,242.861541
39,68,258.588747
39,69,242.158984
39,70,700.224715
39,71,635.626074
39,72,575.621344
39,73,517.597978
39,74,469.344393
39,75,400.046611
39,76,349.018612
39,77,356.402698
39,78,315.369594
39,79,323.393857
39,80,728.962479
39,81,684.325098
39,82,654.457096
39,83,561.732601
39,84,516.096981
39,85,484.557294
39,86,423.459999
39,87,408.722359
39,88,410.181366
39,89,384.275452
39,90,798.861599
39,91,719.612073
39,92,648.239371
39,93,609.592055
39,94,544.818561
39,95,530.789696
39,96,483.306776
39,97,469.737593
39,98,456.303190
39,99,471.332883
40,41,49.590048
40,42,130.949291
40,43,179.799002
40,44,261.020702
40,45,342.387755
40,46,405.639158
40,47,486.070832
40,48,560.071940
40,49,668.343256
40,50,98.702990
40,51,97.449592
40,52,164.852135
40,53,217.052724
40,54,275.105414
40,55,353.179503
40,56,451.092887
40,57,521.459773
40,58,605.420931
40,59,667.003078
40,60,146.713513
40,61,152.624678
40,62,229.497784
40,63,290.806679
40,64,348.392711
40,65,405.100141
40,66,477.702380
40,67,550.423476
40,68,627.324140
40,69,704.330525
40,70,200.367588
40,71,231.045190
40,72,248.709864
40,73,298.074881
40,74,342.430000
40,75,419.946168
40,76,506.330189
40,77,578.378521
40,78,642.951977
40,79,735.757875
40,80,274.336670
40,81,294.267491
40,82,347.765067
40,83,363.802287
40,84,426.716196
40,85,489.685101
40,86,550.896701
40,87,612.771433
40,88,667.846586
40,89,734.539543
40,90,387.101912
40,91,383.711090
40,92,399.281562
40,93,419.847265
40,94,472.311626
40,95,514.342538
40,96,586.475278
40,97,637.444684
40,98,734.396973
40,99,799.671599
41,42,92.476829
41,43,137.885638
41,44,215.547828
41,45,298.167086
41,46,362.062320
41,47,441.347451
41,48,515.771229
41,49,623.355201
41,50,135.379823
41,51,110.764541
41,52,140.083246
41,53,181.659699
41,54,238.644721
41,55,314.724205
41,56,410.470475
41,57,479.951903
41,58,564.499916
41,59,625.615535
41,60,175.231863
41,61,168.382450
41,62,219.575543
41,63,268.964939
41,64,321.386275
41,65,375.931948
41,66,444.522333
41,67,513.126569
41,68,591.089353
41,69,666.152856
41,70,225.031071
41,71,239.674817
41,72,244.704362
41,73,284.129241
41,74,322.250461
41,75,393.282455
41,76,476.200964
41,77,548.712306
41,78,609.842747
41,79,701.137470
41,80,297.453063
41,81,308.266547
41,82,354.056409
41,83,356.489218
41,84,412.829736
41,85,471.644959
41,86,526.610916
41,87,586.346517
41,88,640.289698
41,89,703.502163
41,90,410.894270
41,91,397.031910
41,92,402.259573
41,93,417.130693
41,94,460.686845
41,95,500.248283
41,96,566.357398
41,97,614.918476
41,98,707.942864
41,99,771.837803
42,43,49.930665
42,44,134.336827
42,45,212.878369
42,46,275.386692
42,47,356.593439
42,48,430.094830
42,49,538.856371
42,50,173.428711
42,51,118.151966
42,52,62.490790
42,53,89.265564
42,54,146.215448
42,55,222.983543
42,56,320.206074
42,57,390.510483
42,58,474.520490
42,59,536.062019
42,60,189.462359
42,61,160.050805
42,62,155.624141
42,63,185.212202
42,64,232.031406
42,65,284.950147
42,66,352.142148
42,67,421.076233
42,68,498.797849
42,69,574.476941
42,70,223.959605
42,71,206.037211
42,72,188.161185
42,73,209.665077
42,74,238.992046
42,75,303.642749
42,76,384.558069
42,77,457.136011
42,78,517.420904
42,79,608.672334
42,80,286.275301
42,81,278.532194
42,82,307.829612
42,83,288.591472
42,84,334.972597
42,85,388.546962
42,86,437.938851
42,87,496.193727
42,88,549.472830
42,89,611.399635
42,90,395.114515
42,91,361.452039
42,92,348.607025
42,93,354.180683
42,94,384.800005
42,95,421.011252
42,96,480.718951
42,97,527.186454
42,98,617.574900
42,99,680.758623
43,44,84.923642
43,45,163.050851
43,46,225.890266
43,47,306.802477
43,48,380.478566
43,49,489.093319
43,50,220.923725
43,51,162.770421
43,52,74.401192
43,53,55.285518
43,54,104.799148
43,55,177.582420
43,56,272.593307
43,57,342.280250
43,58,426.691345
43,59,487.940631
43,60,231.495994
43,61,196.830379
43,62,161.708288
43,63,166.795995
43,64,202.062298
43,65,250.245483
43,66,311.626644
43,67,376.128560
43,68,454.626545
43,69,528.599907
43,70,259.811612
43,71,228.468324
43,72,197.301537
43,73,201.418424
43,74,218.882487
43,75,271.774166
43,76,347.147387
43,77,419.597986
43,78,476.075465
43,79,565.700936
43,80,315.966790
43,81,299.635880
43,82,318.298115
43,83,283.375153
43,84,318.859948
43,85,365.544042
43,86,406.579808
43,87,461.832948
43,88,513.530072
43,89,571.706816
43,90,420.220637
43,91,376.956483
43,92,352.930415
43,93,351.375742
43,94,369.845284
43,95,402.062709
43,96,453.579486
43,97,496.804316
43,98,582.379295
43,99,643.909022
44,45,83.661078
44,46,148.014867
44,47,225.855929
44,48,300.426927
44,49,407.809291
44,50,305.569751
44,51,246.470206
44,52,146.776089
44,53,88.010101
44,54,84.143888
44,55,122.597838
44,56,202.976561
44,57,268.912084
44,58,353.976104
44,59,413.783511
44,60,313.100879
44,61,275.221131
44,62,213.377894
44,63,182.547512
44,64,189.038399
44,65,220.921104
44,66,263.504588
44,67,313.404882
44,68,392.963976
44,69,461.312557
44,70,336.204642
44,71,292.910242
44,72,248.926947
44,73,229.019266
44,74,224.220562
44,75,247.652021
44,76,305.797288
44,77,375.814127
44,78,421.712358
44,79,506.100515
44,80,385.393494
44,81,359.969934
44,82,364.714017
44,83,308.835623
44,84,323.866040
44,85,355.279964
44,86,377.415472
44,87,424.551338
44,88,471.675048
44,89,520.253306
44,90,482.695794
44,91,428.212746
44,92,389.490508
44,93,377.237659
44,94,374.568488
44,95,398.243905
44,96,432.091350
44,97,467.539741
44,98,541.232708
44,99,598.359551
45,46,64.353895
45,47,143.760663
45,48,217.728484
45,49,326.061785
45,50,378.240189
45,51,317.072431
45,52,209.925696
45,53,143.440299
45,54,100.925117
45,55,70.945123
45,56,122.319824
45,57,185.727728
45,58,270.739339
45,59,330.219859
45,60,378.445707
45,61,336.651710
45,62,251.832109
45,63,193.744766
45,64,170.404947
45,65,179.589861
45,66,199.004927
45,67,235.231089
45,68,314.519958
45,69,379.614555
45,70,393.298725
45,71,337.681613
45,72,283.918641
45,73,243.756185
45,74,218.269058
45,75,208.717954
45,76,245.522149
45,77,310.929895
45,78,347.734329
45,79,428.044008
45,80,432.434853
45,81,397.461335
45,82,387.377328
45,83,313.858954
45,84,307.703882
45,85,322.245202
45,86,325.439838
45,87,363.977297
45,88,406.405745
45,89,447.249037
45,90,519.168571
45,91,453.546580
45,92,400.997213
45,93,378.568952
45,94,355.158967
45,95,369.418032
45,96,385.340683
45,97,412.898041
45,98,475.552446
45,99,528.829219
46,47,82.708205
46,48,154.781900
46,49,263.951467
46,50,436.884361
46,51,375.115984
46,52,266.376871
46,53,199.985458
46,54,148.745871
46,55,83.006081
46,56,65.712948
46,57,122.214937
46,58,206.968488
46,59,265.993262
46,60,433.097510
46,61,389.662596
46,62,294.565423
46,63,224.410382
46,64,182.932362
46,65,170.579891
46,66,161.945255
46,67,178.600254
46,68,256.507525
46,69,317.511641
46,70,443.091307
46,71,381.252338
46,72,323.344640
46,73,272.714238
46,74,234.964800
46,75,198.702244
46,76,210.483898
46,77,268.317319
46,78,294.473239
46,79,369.744086
46,80,475.629241
46,81,435.257678
46,82,415.703953
46,83,332.467706
46,84,310.565282
46,85,310.236823
46,86,295.670306
46,87,324.573145
46,88,361.511833
46,89,394.079913
46,90,554.354647
46,91,482.227277
46,92,421.238706
46,93,392.085057
46,94,353.380863
46,95,359.283794
46,96,358.778005
46,97,378.295347
46,98,429.421266
46,99,478.535633
47,48,74.854762
47,49,182.302673
47,50,519.550014
47,51,457.810579
47,52,349.081025
47,53,282.688310
47,54,230.890967
47,55,159.562009
47,56,80.251971
47,57,73.594648
47,58,145.190663
47,59,197.330604
47,60,515.538677
47,61,471.827127
47,62,373.738493
47,63,299.175715
47,64,249.040304
47,65,220.885965
47,66,179.542198
47,67,151.140863
47,68,217.198674
47,69,260.999980
47,70,524.255668
47,71,460.166256
47,72,400.765009
47,73,345.330510
47,74,301.019665
47,75,245.022240
47,76,224.281936
47,77,263.862323
47,78,265.920011
47,79,324.910983
47,80,553.911416
47,81,510.881770
47,82,485.557410
47,83,396.754750
47,84,362.339032
47,85,346.797064
47,86,310.297125
47,87,322.352443
47,88,347.682140
47,89,361.800119
47,90,627.661562
47,91,551.630280
47,92,485.073213
47,93,450.962439
47,94,399.124215
47,95,395.901901
47,96,374.795194
47,97,381.577523
47,98,410.944834
47,99,450.519905
48,49,109.564305
48,50,590.483575
48,51,528.516482
48,52,419.389095
48,53,353.575030
48,54,299.542948
48,55,223.764909
48,56,127.770637
48,57,69.352543
48,58,88.674233
48,59,128.557192
48,60,583.836809
48,61,539.301189
48,62,436.217302
48,63,357.380236
48,64,300.658722
48,65,261.454337
48,66,199.338764
48,67,135.243522
48,68,177.656410
48,69,201.130687
48,70,589.213759
48,71,521.619323
48,72,460.630063
48,73,400.383460
48,74,350.699320
48,75,280.615665
48,76,234.775763
48,77,254.026859
48,78,232.982024
48,79,273.413058
48,80,613.905899
48,81,567.505506
48,82,535.604395
48,83,442.347257
48,84,397.019834
48,85,368.429337
48,86,314.372731
48,87,310.478169
48,88,323.824562
48,89,320.426224
48,90,680.589217
48,91,600.500677
48,92,528.712649
48,93,490.173503
48,94,427.159606
48,95,415.731028
48,96,376.860595
48,97,371.849636
48,98,380.417516
48,99,410.419029
49,50,700.046887
49,51,638.080676
49,52,528.949530
49,53,463.126226
49,54,409.014669
49,55,332.631665
49,56,234.353041
49,57,166.826625
49,58,118.695489
49,59,96.241935
49,60,693.062015
49,61,648.335740
49,62,543.563660
49,63,463.125822
49,64,403.626635
49,65,358.885024
49,66,286.254515
49,67,201.881310
49,68,201.421586
49,69,175.519731
49,70,697.305049
49,71,628.212457
49,72,566.623517
49,73,504.096929
49,74,451.756052
49,75,374.025049
49,76,310.788435
49,77,306.860011
49,78,256.778462
49,79,256.815420
49,80,719.448909
49,81,671.163771
49,82,634.961106
49,83,539.361252
49,84,486.279142
49,85,447.001818
49,86,377.917013
49,87,355.525916
49,88,351.291497
49,89,319.297850
49,90,781.238202
49,91,698.523743
49,92,623.219661
49,93,581.516010
49,94,509.897841
49,95,490.963950
49,96,434.632484
49,97,415.482476
49,98,393.451766
49,99,405.263753
50,51,62.063824
50,52,171.237812
50,53,236.983773
50,54,291.782885
50,55,370.347489
50,56,471.066986
50,57,542.556943
50,58,623.010139
50,59,685.242310
50,60,53.471829
50,61,81.535669
50,62,193.283585
50,63,272.149900
50,64,337.024783
50,65,395.926961
50,66,475.847267
50,67,557.922404
50,68,630.354119
50,69,711.875327
50,70,108.007401
50,71,160.125119
50,72,198.628932
50,73,262.508421
50,74,316.477606
50,75,404.326762
50,76,496.029918
50,77,565.253274
50,78,637.269531
50,79,732.771373
50,80,181.119249
50,81,211.052397
50,82,273.470450
50,83,311.452371
50,84,384.023757
50,85,453.157881
50,86,525.965004
50,87,591.364697
50,88,648.118917
50,89,722.256921
50,90,291.901183
50,91,298.839137
50,92,328.298115
50,93,357.327880
50,94,423.869406
50,95,469.432223
50,96,551.907028
50,97,607.004386
50,98,711.199922
50,99,778.898695
51,52,109.190364
51,53,175.139614
51,54,229.719124
51,55,308.324324
51,56,409.042943
51,57,480.537940
51,58,561.185218
51,59,623.418268
51,60,72.431855
51,61,57.757784
51,62,141.469128
51,63,215.046143
51,64,278.602861
51,65,337.362040
51,66,416.103891
51,67,496.940738
51,68,570.130176
51,69,651.100920
51,70,115.895524
51,71,133.714662
51,72,154.845930
51,73,211.657962
51,74,262.285860
51,75,347.461550
51,76,438.173510
51,77,508.352361
51,78,578.716386
51,79,673.809499
51,80,187.048356
51,81,199.000760
51,82,250.355564
51,83,270.401518
51,84,337.816718
51,85,404.287456
51,86,472.654721
51,87,537.042554
51,88,593.393907
51,89,665.485180
51,90,300.383034
51,91,288.313340
51,92,301.907486
51,93,323.750839
51,94,381.059446
51,95,424.830337
51,96,502.542482
51,97,556.060298
51,98,657.775486
51,99,724.773996
52,53,66.638860
52,54,120.624699
52,55,199.529415
52,56,300.188543
52,57,371.685171
52,58,452.989239
52,59,515.194382
52,60,168.726138
52,61,128.723009
52,62,93.679619
52,63,128.881733
52,64,183.617680
52,65,240.304827
52,66,314.457724
52,67,391.325720
52,68,466.382072
52,69,545.732967
52,70,189.484814
52,71,154.094111
52,72,127.405170
52,73,148.120258
52,74,182.248180
52,75,255.319037
52,76,341.614806
52,77,413.559944
52,78,479.230829
52,79,572.926821
52,80,242.192230
52,81,225.512853
52,82,248.187860
52,83,226.210636
52,84,275.078708
52,85,331.826646
52,86,387.401781
52,87,448.358425
52,88,503.157848
52,89,569.891532
52,90,345.823382
52,91,304.565023
52,92,287.018092
52,93,291.695262
52,94,324.235209
52,95,361.915488
52,96,426.274815
52,97,475.167451
52,98,570.029210
52,99,634.963260
53,54,58.113397
53,55,136.963678
53,56,236.729167
53,57,308.018999
53,58,390.620396
53,59,452.646492
53,60,235.006850
53,61,193.644891
53,62,126.071381
53,63,113.340364
53,64,147.117581
53,65,197.077067
53,66,262.881395
53,67,333.372366
53,68,410.438596
53,69,487.360422
53,70,252.066567
53,71,205.005990
53,72,161.953307
53,73,152.285228
53,74,164.332078
53,75,217.485917
53,76,295.755395
53,77,368.347066
53,78,428.183633
53,79,519.719960
53,80,297.985039
53,81,272.071834
53,82,280.055197
53,83,234.431982
53,84,264.880266
53,85,310.297163
53,86,352.311023
53,87,408.765665
53,88,461.319451
53,89,522.202611
53,90,394.742872
53,91,342.217524
53,92,309.276018
53,93,303.067184
53,94,316.027099
53,95,347.246041
53,96,398.473796
53,97,442.326118
53,98,529.793515
53,99,592.295760
54,55,79.255497
54,56,179.678698
54,57,251.149576
54,58,333.067513
54,59,395.188156
54,60,284.730894
54,61,240.961579
54,62,150.914766
54,63,101.141222
54,64,106.999603
54,65,147.643122
54,66,206.989429
54,67,275.335075
54,68,352.663240
54,69,429.258068
54,70,294.819522
54,71,236.829252
54,72,183.390525
54,73,149.943513
54,74,140.105063
54,75,171.502179
54,76,242.578352
54,77,314.930983
54,78,371.831250
54,79,462.511883
54,80,331.605061
54,81,296.971045
54,82,291.053236
54,83,227.105437
54,84,239.826838
54,85,274.194971
54,86,305.280321
54,87,358.273463
54,88,409.211454
54,89,466.995453
54,90,419.091408
54,91,356.462890
54,92,310.497292
54,93,294.938107
54,94,290.648378
54,95,315.673966
54,96,355.919893
54,97,395.826244
54,98,478.264778
54,99,539.276274
55,56,100.719595
55,57,172.213834
55,58,253.813267
55,59,315.934110
55,60,360.562054
55,61,315.706783
55,62,214.205073
55,63,141.470212
55,64,103.642968
55,65,108.917572
55,66,140.924020
55,67,198.551776
55,68,277.139707
55,69,351.505795
55,70,365.751276
55,71,300.604762
55,72,241.500737
55,73,189.734070
55,74,154.460436
55,75,137.954501
55,76,183.725627
55,77,253.237408
55,78,301.232287
55,79,388.787192
55,80,394.448674
55,81,352.693049
55,82,332.948566
55,83,251.849646
55,84,238.463667
55,85,251.352673
55,86,259.000936
55,87,302.749808
55,88,349.124903
55,89,398.901038
55,90,471.397837
55,91,399.491967
55,92,340.342447
55,93,313.854574
55,94,285.012815
55,95,298.475739
55,96,317.089149
55,97,348.072993
55,98,418.681443
55,99,475.915446
56,57,71.500282
56,58,154.331050
56,59,216.087888
56,60,460.448372
56,61,415.207363
56,62,309.226558
56,63,229.635030
56,64,173.749095
56,65,140.956375
56,66,105.322844
56,67,113.621118
56,68,192.454468
56,69,258.356184
56,70,463.027545
56,71,394.170919
56,72,332.960091
56,73,272.861979
56,74,224.747997
56,75,164.770325
56,76,153.028564
56,77,205.082687
56,78,228.824787
56,79,305.969624
56,80,486.179966
56,81,439.876682
56,82,409.920019
56,83,318.867661
56,84,282.126804
56,85,268.101803
56,86,239.707864
56,87,262.377192
56,88,296.912560
56,89,328.468565
56,90,553.922390
56,91,475.462780
56,92,406.670071
56,93,371.384964
56,94,319.091364
56,95,317.389737
56,96,303.973438
56,97,318.190500
56,98,364.349201
56,99,412.839192
57,58,85.064232
57,59,145.666901
57,60,531.419517
57,61,485.997929
57,62,378.192898
57,63,296.746259
57,64,236.810375
57,65,193.907879
57,66,130.106168
57,67,78.807878
57,68,144.301290
57,69,196.113290
57,70,532.608489
57,71,462.077863
57,72,400.224383
57,73,337.270383
57,74,285.350045
57,75,211.871363
57,76,167.395008
57,77,195.522391
57,78,192.332875
57,79,254.193941
57,80,552.795098
57,81,504.352794
57,82,469.420734
57,83,375.003942
57,84,327.845720
57,85,299.593053
57,86,249.720931
57,87,253.655114
57,88,275.434966
57,89,288.470915
57,90,615.215500
57,91,533.727057
57,92,460.635069
57,93,421.360615
57,94,357.859191
57,95,347.263018
57,96,313.356473
57,97,314.104683
57,98,337.744077
57,99,376.990323
58,59,62.233288
58,60,609.049912
58,61,563.164965
58,62,451.744446
58,63,368.186588
58,64,304.460006
58,65,253.445734
58,66,174.594763
58,67,85.123286
58,68,93.336102
58,69,115.937987
58,70,606.533489
58,71,533.054631
58,72,470.600350
58,73,404.169174
58,74,348.540839
58,75,264.347521
58,76,193.618311
58,77,189.307481
58,78,150.369748
58,79,184.920732
58,80,620.908097
58,81,569.305667
58,82,527.496791
58,83,430.331038
58,84,372.214105
58,85,329.330084
58,86,259.322046
58,87,240.610193
58,88,244.338866
58,89,232.627856
58,90,674.408340
58,91,589.293730
58,92,511.465455
58,93,467.935273
58,94,393.002323
58,95,372.597173
58,96,316.923851
58,97,301.606225
58,98,296.179576
58,99,322.567295
59,60,671.054093
59,61,625.119280
59,62,513.138134
59,63,429.291426
59,64,364.957112
59,65,312.357273
59,66,231.280059
59,67,139.571081
59,68,111.634778
59,69,82.132398
59,70,667.852720
59,71,593.732503
59,72,531.228602
59,73,464.047671
59,74,407.632085
59,75,321.063098
59,76,243.307186
59,77,223.635186
59,78,163.798425
59,79,162.770263
59,80,680.635224
59,81,628.114919
59,82,583.987472
59,83,486.294991
59,84,424.414580
59,85,375.822163
59,86,298.005226
59,87,266.851191
59,88,257.214866
59,89,223.344236
59,90,730.865102
59,91,644.561768
59,92,565.150623
59,93,520.112616
59,94,440.874016
59,95,416.063857
59,96,349.960011
59,97,325.064402
59,98,297.276811
59,99,310.232447
60,61,46.235545
60,62,163.535219
60,63,247.043272
60,64,313.197449
60,65,371.625714
60,66,453.712346
60,67,539.409249
60,68,608.781762
60,69,691.913364
60,70,54.767822
60,71,112.854888
60,72,160.545244
60,73,228.903718
60,74,285.820600
60,75,376.595136
60,76,469.362450
60,77,536.378191
60,78,611.311900
60,79,707.412574
60,80,128.476546
60,81,158.093023
60,82,222.340740
60,83,268.250366
60,84,343.829975
60,85,414.751160
60,86,491.962726
60,87,558.358658
60,88,615.436521
60,89,692.522304
60,90,240.534713
60,91,245.453107
60,92,277.742430
60,93,309.374774
60,94,380.704917
60,95,427.266104
60,96,513.378236
60,97,569.841158
60,98,676.554834
60,99,744.977696
61,62,117.754552
61,63,200.893492
61,64,267.020031
61,65,325.512920
61,66,407.505354
61,67,493.201306
61,68,562.576793
61,69,645.678873
61,70,63.909560
61,71,80.748468
61,72,117.995842
61,73,184.478436
61,74,240.631877
61,75,330.913158
61,76,423.579282
61,77,491.038737
61,78,565.489009
61,79,661.536604
61,80,130.748047
61,81,141.822165
61,82,196.954089
61,83,229.927102
61,84,303.102412
61,85,372.947384
61,86,448.113743
61,87,514.190202
61,88,571.188580
61,89,647.452381
61,90,243.594299
61,91,231.265894
61,92,250.375954
61,93,276.822426
61,94,342.376689
61,95,388.089395
61,96,471.717567
61,97,527.461457
61,98,633.066373
61,99,701.229288
62,63,84.494502
62,64,150.563105
62,65,208.466633
62,66,291.113546
62,67,378.571201
62,68,446.034688
62,69,529.729258
62,70,154.809317
62,71,86.694403
62,72,36.072704
62,73,70.192770
62,74,123.394291
62,75,213.158614
62,76,305.851708
62,77,373.411872
62,78,447.786924
62,79,543.877653
62,80,181.286407
62,81,147.332532
62,82,156.610243
62,83,136.956909
62,84,197.463261
62,85,262.845101
62,86,332.736804
62,87,398.091917
62,88,454.886924
62,89,530.023006
62,90,270.111938
62,91,216.712427
62,92,193.358221
62,93,199.691495
62,94,242.909318
62,95,284.985493
62,96,361.077852
62,97,414.881808
62,98,517.991611
62,99,585.617175
63,64,66.197666
63,65,124.647384
63,66,206.795775
63,67,294.123124
63,68,361.821339
63,69,445.319892
63,70,238.662825
63,71,165.422052
63,72,103.500824
63,73,50.017775
63,74,53.793206
63,75,132.438733
63,76,223.900351
63,77,293.390208
63,78,365.390434
63,79,461.188423
63,80,256.550024
63,81,211.712909
63,82,193.772335
63,83,126.347736
63,84,152.095585
63,85,203.494113
63,86,260.181724
63,87,323.039863
63,88,378.946554
63,89,450.511268
63,90,329.944268
63,91,260.125313
63,92,209.543848
63,93,194.692646
63,94,203.049632
63,95,236.431959
63,96,297.395065
63,97,346.843364
63,98,444.379362
63,99,510.614337
64,65,58.904143
64,66,140.600248
64,67,228.549288
64,68,295.625786
64,69,379.168308
64,70,303.998254
64,71,228.782126
64,72,166.273530
64,73,100.530915
64,74,52.292137
64,75,71.903648
64,76,159.657608
64,77,230.660098
64,78,300.278440
64,79,395.765170
64,80,316.898789
64,81,267.542765
64,82,236.612764
64,83,149.581277
64,84,138.310395
64,85,167.203379
64,86,205.926029
64,87,265.031195
64,88,319.552321
64,89,387.588554
64,90,380.179643
64,91,302.593652
64,92,238.377562
64,93,210.241534
64,94,187.557924
64,95,209.209226
64,96,251.583758
64,97,295.496834
64,98,386.684645
64,99,451.348487
65,66,83.327850
65,67,173.794225
65,68,237.682527
65,69,321.810766
65,70,360.484589
65,71,283.598326
65,72,221.307828
65,73,152.355027
65,74,95.274832
65,75,29.193637
65,76,101.407326
65,77,173.285129
65,78,241.406081
65,79,336.862049
65,80,368.427768
65,81,315.911419
65,82,276.078656
65,83,181.098907
65,84,141.994841
65,85,142.893225
65,86,157.784036
65,87,211.712355
65,88,264.523971
65,89,329.691077
65,90,422.515667
65,91,339.909467
65,92,267.335736
65,93,230.535878
65,94,182.857109
65,95,190.842241
65,96,211.222348
65,97,248.338471
65,98,332.755275
65,99,395.923164
66,67,91.765767
66,68,155.071853
66,69,238.673273
66,70,443.745436
66,71,366.902990
66,72,304.634661
66,73,235.484241
66,74,177.722431
66,75,89.894701
66,76,48.555198
66,77,112.642690
66,78,165.385728
66,79,258.478981
66,80,450.911161
66,81,397.279961
66,82,353.078743
66,83,255.752504
66,84,200.204568
66,85,169.937258
66,86,134.660182
66,87,165.080714
66,88,208.562799
66,89,260.103814
66,90,500.007762
66,91,414.705911
66,92,337.454943
66,93,295.265122
66,94,227.847840
66,95,218.240621
66,96,198.734830
66,97,216.559522
66,98,278.070262
66,99,335.101813
67,68,79.564828
67,69,154.407457
67,70,532.536553
67,71,456.841714
67,72,394.375931
67,73,326.077407
67,74,268.913369
67,75,181.492305
67,76,108.933958
67,77,118.997551
67,78,117.316393
67,79,192.930451
67,80,542.169636
67,81,488.949872
67,82,444.478790
67,83,346.879811
67,84,287.186183
67,85,245.123476
67,86,180.888204
67,87,176.267870
67,88,196.724667
67,89,216.240018
67,90,591.382536
67,91,505.439353
67,92,426.862552
67,93,382.940136
67,94,308.234732
67,95,289.543785
67,96,242.213562
67,97,237.335213
67,98,259.990079
67,99,302.706391
68,69,85.155818
68,70,597.897114
68,71,520.142169
68,72,458.275621
68,73,388.331554
68,74,329.803535
68,75,238.096555
68,76,148.926949
68,77,113.718367
68,78,57.137079
68,79,113.529830
68,80,601.097674
68,81,545.309183
68,82,494.407489
68,83,396.624498
68,84,327.861873
68,85,272.117356
68,86,189.068940
68,87,155.346386
68,88,151.691241
68,89,144.958695
68,90,640.000683
68,91,551.475138
68,92,469.489181
68,93,422.217050
68,94,337.847965
68,95,309.042535
68,96,238.583183
68,97,214.343408
68,98,203.246693
68,99,234.455638
69,70,682.279377
69,71,604.864066
69,72,542.850019
69,73,473.092960
69,74,414.658542
69,75,323.145521
69,76,233.908156
69,77,190.936469
69,78,113.086796
69,79,81.301018
69,80,686.237440
69,81,630.451962
69,82,579.073532
69,83,481.412260
69,84,411.468161
69,85,352.829463
69,86,265.656790
69,87,219.478051
69,88,195.535490
69,89,145.736122
69,90,724.297336
69,91,635.415045
69,92,552.902061
69,93,505.011627
69,94,418.487485
69,95,386.450568
69,96,306.984451
69,97,271.271411
69,98,224.023978
69,99,229.853462
70,71,80.196381
70,72,139.899760
70,73,210.357496
70,74,269.005792
70,75,361.252328
70,76,453.917393
70,77,517.620696
70,78,595.398394
70,79,691.605232
70,80,74.003336
70,81,106.796723
70,82,175.010033
70,83,234.231017
70,84,312.795363
70,85,385.209474
70,86,467.330968
70,87,534.415368
70,88,591.507992
70,89,671.700418
70,90,186.907710
70,91,191.997434
70,92,230.951881
70,93,266.937240
70,94,344.912363
70,95,392.433502
70,96,482.764549
70,97,540.610890
70,98,649.897779
70,99,718.908877
71,72,62.513016
71,73,131.815925
71,74,190.435141
71,75,282.606223
71,76,374.921674
71,77,437.770643
71,78,516.040591
71,79,612.181805
71,80,94.783448
71,81,72.500483
71,82,116.780405
71,83,156.348112
71,84,233.746639
71,85,305.804493
71,86,387.175390
71,87,454.239991
71,88,511.340961
71,89,591.554202
71,90,191.793225
71,91,158.261057
71,92,169.644569
71,93,197.276854
71,94,268.415748
71,95,315.375304
71,96,403.810869
71,97,461.269704
71,98,570.040445
71,99,638.980719
72,73,70.502800
72,74,129.111129
72,75,221.352754
72,76,314.049918
72,77,378.490805
72,78,455.648497
72,79,551.879008
72,80,153.371916
72,81,113.582657
72,82,121.118407
72,83,115.573306
72,84,185.400978
72,85,254.954287
72,86,331.553995
72,87,398.137455
72,88,455.257897
72,89,533.575622
72,90,235.889330
72,91,180.639864
72,92,160.761897
72,93,172.496618
72,94,226.597116
72,95,271.268095
72,96,353.722648
72,97,409.615097
72,98,516.014245
72,99,584.481991
73,74,58.685457
73,75,150.940130
73,76,243.561876
73,77,308.257837
73,78,385.149129
73,79,481.381950
73,80,216.741963
73,81,167.190953
73,82,143.927203
73,83,82.215381
73,84,128.971042
73,85,192.718162
73,86,263.733821
73,87,329.711794
73,88,386.718453
73,89,463.813961
73,90,282.382261
73,91,210.382019
73,92,160.773814
73,93,150.783503
73,94,176.672764
73,95,216.612198
73,96,290.885630
73,97,344.847598
73,98,448.851782
73,99,516.837989
74,75,92.257854
74,76,184.958790
74,77,250.571654
74,78,326.685787
74,79,422.926897
74,80,273.262805
74,81,220.774614
74,82,185.176691
74,83,97.543572
74,84,101.101626
74,85,149.738368
74,86,210.380020
74,87,275.019687
74,88,331.666683
74,89,406.820512
74,90,329.986314
74,91,250.815639
74,92,186.278409
74,93,160.312148
74,94,152.340857
74,95,183.278154
74,96,244.404748
74,97,295.165802
74,98,395.499215
74,99,462.701169
75,76,92.908297
75,77,160.971671
75,78,234.851161
75,79,331.058248
75,80,363.280087
75,81,308.468527
75,82,263.196141
75,83,166.041370
75,84,117.588250
75,85,113.700059
75,86,134.836750
75,87,193.139116
75,88,247.902882
75,89,318.078017
75,90,410.124401
75,91,325.176278
75,92,249.319532
75,93,209.557967
75,94,155.521183
75,95,161.747615
75,96,184.794198
75,97,225.052167
75,98,314.802874
75,99,379.730892
76,77,72.592438
76,78,141.968904
76,79,238.155453
76,80,453.179314
76,81,396.769080
76,82,345.617604
76,83,247.756318
76,84,181.365774
76,85,136.308605
76,86,86.741050
76,87,119.080194
76,88,166.867180
76,89,228.297094
76,90,491.562677
76,91,403.595603
76,92,322.685831
76,93,276.912752
76,94,199.388491
76,95,181.771737
76,96,151.177908
76,97,168.298349
76,98,236.228147
76,99,296.767121
77,78,82.433701
77,79,176.073530
77,80,510.825268
77,81,452.590351
77,82,395.549075
77,83,299.734619
77,84,224.954934
77,85,162.319900
77,86,75.482593
77,87,58.490948
77,88,95.931864
77,89,157.132828
77,90,538.264797
77,91,448.456792
77,92,364.901325
77,93,316.040541
77,94,227.780140
77,95,196.034339
77,96,127.773217
77,97,118.610559
77,98,165.468449
77,99,224.350230
78,79,96.241113
78,80,591.549839
78,81,533.795050
78,82,477.735739
78,83,381.494054
78,84,307.344593
78,85,244.088247
78,86,154.409661
78,87,106.887623
78,88,94.832518
78,89,99.686574
78,90,620.695346
78,91,530.886465
78,92,447.286066
78,93,398.300420
78,94,309.142045
78,95,274.754813
78,96,194.017331
78,97,162.045189
78,98,147.513900
78,99,185.429252
79,80,686.818612
79,81,628.663241
79,82,571.018236
79,83,475.718300
79,84,399.968725
79,85,333.500512
79,86,241.921114
79,87,182.227028
79,88,141.186199
79,89,69.334511
79,90,712.301050
79,91,622.117373
79,92,538.028656
79,93,488.366910
79,94,396.964861
79,95,358.507870
79,96,268.010306
79,97,221.410961
79,98,150.946640
79,99,148.784304
80,81,60.210887
80,82,130.171437
80,83,213.133366
80,84,292.400128
80,85,364.731349
80,86,452.654749
80,87,519.593832
80,88,575.902580
80,89,659.831946
80,90,113.461116
80,91,126.515725
80,92,183.365225
80,93,227.310987
80,94,314.991814
80,95,362.833145
80,96,458.321636
80,97,517.466987
80,98,629.456651
80,99,698.732638
81,82,71.720303
81,83,153.690304
81,84,232.584045
81,85,304.736282
81,86,393.136335
81,87,459.949883
81,88,516.108547
81,89,600.420313
81,90,122.815593
81,91,89.453690
81,92,126.864079
81,93,168.294124
81,94,254.872327
81,95,302.744751
81,96,398.110749
81,97,457.259943
81,98,569.293047
81,99,638.564314
82,83,97.970092
82,84,171.166870
82,85,241.065690
82,86,331.628469
82,87,397.498992
82,88,452.700573
82,89,538.553900
82,90,146.929048
82,91,66.547013
82,92,55.947670
82,93,97.147727
82,94,186.655442
82,95,234.124835
82,96,331.033777
82,97,390.387324
82,98,503.094124
82,99,572.216918
83,84,79.704412
83,85,152.462256
83,86,239.528269
83,87,306.467835
83,88,362.867607
83,89,446.761443
83,90,244.615232
83,91,159.220716
83,92,88.799012
83,93,68.745381
83,94,112.557081
83,95,159.078398
83,96,248.808415
83,97,307.144880
83,98,417.862161
83,99,487.116862
84,85,72.780904
84,86,160.889831
84,87,227.437808
84,88,283.528111
84,89,368.179508
84,90,313.470323
84,91,224.042276
84,92,141.645949
84,93,95.780278
84,94,51.243238
84,95,87.662159
84,96,170.067232
84,97,227.862573
84,98,338.188146
84,99,407.432001
85,86,91.686904
85,87,156.493074
85,88,211.746402
85,89,297.578370
85,90,379.105597
85,91,288.805626
85,92,204.601307
85,93,154.869068
85,94,65.753019
85,95,49.351805
85,96,98.774555
85,97,155.465287
85,98,265.408028
85,99,334.656075
86,87,67.201488
86,88,124.193781
86,89,207.321214
86,90,470.781324
86,91,380.490221
86,92,296.286537
86,93,246.488664
86,94,155.353470
86,95,120.804541
86,96,64.534924
86,97,90.558115
86,98,185.257962
86,99,253.116621
87,88,57.138112
87,89,141.085576
87,90,534.646039
87,91,444.298302
87,92,360.017946
87,93,309.853938
87,94,216.970438
87,95,176.571701
87,96,87.824020
87,97,61.467694
87,98,121.673757
87,99,187.731469
88,89,88.222222
88,90,587.826501
88,91,497.587507
88,92,413.457352
88,93,363.191929
88,94,269.752003
88,95,226.719297
88,96,130.732633
88,97,80.253567
88,98,69.557770
88,99,131.829136
89,90,675.278265
89,91,584.965906
89,92,500.732379
89,93,450.500287
89,94,357.249214
89,95,314.818054
89,96,218.847357
89,97,165.605907
89,98,81.754217
89,99,89.993579
90,91,90.351867
90,92,174.639528
90,93,224.801551
90,94,318.083283
90,95,362.269569
90,96,460.624535
90,97,519.350518
90,98,632.186057
90,99,700.255051
91,92,84.287704
91,93,134.468292
91,94,227.837216
91,95,272.467730
91,96,370.879391
91,97,429.807653
91,98,542.777093
91,99,611.119119
92,93,50.266788
92,94,143.778885
92,95,189.187667
92,96,287.520252
92,97,346.674909
92,98,459.723275
92,99,528.362239
93,94,93.525939
93,95,139.349169
93,96,237.527370
93,97,296.767868
93,98,409.811830
93,99,478.574549
94,95,47.931750
94,96,144.568431
94,97,203.927572
94,98,316.854402
94,99,385.830795
95,96,98.413549
95,97,157.487589
95,98,270.535621
95,99,339.230343
96,97,59.365206
96,98,172.319256
96,99,241.263321
97,98,113.050132
97,99,181.904144
98,99,69.285639
